Book Id,Title,Author,Author l-f,Additional Authors,ISBN,ISBN13,My Rating,Average Rating,Publisher,Binding,Number of Pages,Year Published,Original Publication Year,Date Read,Date Added,Bookshelves,Bookshelves with positions,Exclusive Shelf,My Review,Spoiler,Private Notes,Read Count,Owned Copies
39704483,The Intelligent Investor,Benjamin Graham,"Graham, Benjamin",,"=""""","=""""",0,4.25,HarperCollins e-books,Kindle Edition,640,2009,1949,,2022/05/31,to-read,to-read (#287),to-read,,,,0,0
3869,A Brief History of Time,Stephen Hawking,"Hawking, Stephen",,"=""0553380168""","=""9780553380163""",0,4.21,Bantam Books,Paperback,226,1998,1988,,2021/07/19,currently-reading,currently-reading (#4),currently-reading,,,,1,0
42201997,What My Mother and I Don't Talk About: Fifteen Writers Break the Silence,Michele Filgate,"Filgate, Michele",,"=""1982107340""","=""9781982107345""",0,3.82,Simon & Schuster,Hardcover,288,2019,2019,,2022/04/26,to-read,to-read (#286),to-read,,,,0,0
18873041,Carrie,Stephen King,"King, Stephen",,"=""""","=""""",0,3.98,Hodder & Stoughton,Kindle Edition,306,2007,1974,,2021/07/20,currently-reading,currently-reading (#3),currently-reading,,,,1,0
57912066,"The Atlas Paradox (The Atlas, #2)",Olivie Blake,"Blake, Olivie",,"=""""","=""""",1,3.64,Tor Books,Kindle Edition,397,2022,2022,,2022/12/24,to-read,to-read (#285),to-read,,,,1,0
11607,The Running Man,Richard Bachman,"Bachman, Richard",Stephen King,"=""0451197968""","=""9780451197962""",0,3.89,Signet,Paperback,317,1999,1982,,2023/06/04,to-read,to-read (#284),to-read,,,,0,0
6320534,Under the Dome,Stephen King,"King, Stephen",,"=""1439148503""","=""9781439148501""",0,3.92,Scribner,Hardcover,1074,2009,2009,,2023/06/04,to-read,to-read (#283),to-read,,,,0,0
10644930,11/22/63,Stephen King,"King, Stephen",,"=""1451627289""","=""9781451627282""",5,4.33,Scribner,Hardcover,849,2011,2011,2023/06/03,2021/08/06,,,read,,,,1,0
12011554,"The Likeness (Dublin Murder Squad, #2)",Tana French,"French, Tana",,"=""""","=""""",0,4.06,Hodder & Stoughton,Kindle Edition,574,2008,2008,,2021/08/13,currently-reading,currently-reading (#2),currently-reading,,,,1,0
51704136,Little Fires Everywhere,Celeste Ng,"Ng, Celeste",,"=""0143135163""","=""9780143135166""",0,4.08,Penguin Books,Paperback,368,2020,2017,,2021/07/19,to-read,to-read (#16),to-read,,,,0,0
40591670,I Will Teach You to Be Rich: No Guilt. No Excuses. No BS. Just a 6-Week Program That Works,Ramit Sethi,"Sethi, Ramit",,"=""1523505745""","=""9781523505746""",0,4.15,Workman Publishing Company,Paperback,352,2019,2009,,2023/05/17,to-read,to-read (#282),to-read,,,,0,0
41881472,The Psychology of Money,Morgan Housel,"Housel, Morgan",,"=""""","=""""",0,4.37,Harriman House,Paperback,252,2020,2020,,2023/05/17,to-read,to-read (#281),to-read,,,,0,0
293617,Living Sober,Anonymous,"Anonymous, Anonymous",,"=""0916856046""","=""9780916856045""",0,4.33,AA World Services,Paperback,87,2002,1975,,2023/05/15,to-read,to-read (#280),to-read,,,,0,0
37754223,The Unexpected Joy of Being Sober,Catherine Gray,"Gray, Catherine",,"=""""","=""""",0,4.34,Aster,Kindle Edition,274,2017,2017,,2023/05/15,to-read,to-read (#279),to-read,,,,0,0
18866080,The Language of Letting Go: Daily Meditations on Codependency (Hazelden Meditation Series),Melody Beattie,"Beattie, Melody",,"=""""","=""""",0,4.35,Hazelden Publishing,Kindle Edition,401,2009,1990,,2023/05/09,currently-reading,currently-reading (#1),currently-reading,,,,1,0
58950736,The Chaos Machine: The Inside Story of How Social Media Rewired Our Minds and Our World,Max Fisher,"Fisher, Max",,"=""031670332X""","=""9780316703321""",0,4.34,"Little, Brown and Company",Hardcover,400,2022,2022,,2023/04/11,to-read,to-read (#278),to-read,,,,0,0
14096,"Wherever You Go, There You Are: Mindfulness Meditation in Everyday Life",Jon Kabat-Zinn,"Kabat-Zinn, Jon",,"=""1401307787""","=""9781401307783""",0,4.12,Hachette Books,Paperback,304,2005,1994,,2022/11/18,to-read,to-read (#277),to-read,,,,0,0
11104933,Willpower: Rediscovering the Greatest Human Strength,Roy F. Baumeister,"Baumeister, Roy F.",John Tierney,"=""1594203075""","=""9781594203077""",0,3.95,Penguin Press,Hardcover,291,2011,2011,,2023/03/16,to-read,to-read (#276),to-read,,,,0,0
59616977,Building a Second Brain: A Proven Method to Organize Your Digital Life and Unlock Your Creative Potential,Tiago Forte,"Forte, Tiago",,"=""1982167386""","=""9781982167387""",0,4.10,Atria Books,Hardcover,272,2022,2022,,2023/03/16,to-read,to-read (#275),to-read,,,,0,0
58536046,Why Has Nobody Told Me This Before?,Julie      Smith,"Smith, Julie",,"=""0063227932""","=""9780063227934""",0,3.93,HarperOne,Hardcover,368,2022,2022,,2023/03/04,to-read,to-read (#274),to-read,,,,0,0
11505797,"Beautiful Disaster (Beautiful, #1)",Jamie McGuire,"McGuire, Jamie",,"=""""","=""""",0,4.03,Jamie McGuire,Kindle Edition,432,2011,2011,,2023/03/02,to-read,to-read (#273),to-read,,,,0,0
17410290,Stone Maidens,Lloyd Devereux Richards,"Richards, Lloyd Devereux",,"=""""","=""""",0,3.85,Thomas & Mercer,Kindle Edition,343,2012,2012,,2023/02/19,to-read,to-read (#272),to-read,,,,0,0
53345896,People From My Neighbourhood,Hiromi Kawakami,"Kawakami, Hiromi",Ted Goossen,"=""1846276985""","=""9781846276989""",0,3.58,Granta Books,Paperback,121,2020,2020,,2023/02/01,to-read,to-read (#271),to-read,,,,0,0
55987278,"Once Upon a Broken Heart (Once Upon a Broken Heart, #1)",Stephanie Garber,"Garber, Stephanie",,"=""1250268397""","=""9781250268396""",0,4.13,Flatiron Books,Hardcover,416,2021,2021,,2021/12/09,to-read,to-read (#270),to-read,,,,0,0
29632242,Tomie,Junji Ito,"Ito, Junji",,"=""1421590565""","=""9781421590561""",0,4.13,VIZ Media,Hardcover,750,2016,1987,,2021/12/23,to-read,to-read (#269),to-read,,,,0,0
58330567,Atlas of the Heart: Mapping Meaningful Connection and the Language of Human Experience,Brené Brown,"Brown, Brené",Gavin Aung Than,"=""0399592555""","=""9780399592553""",0,4.33,Random House,Hardcover,301,2021,2021,,2022/12/27,to-read,to-read (#268),to-read,,,,0,0
56805404,Call Us What We Carry: Poems,Amanda Gorman,"Gorman, Amanda",,"=""0593465067""","=""9780593465066""",0,4.32,Viking ,Hardcover,228,2021,2021,,2022/12/27,to-read,to-read (#267),to-read,,,,0,0
58064046,Gallant,V.E. Schwab,"Schwab, V.E.",Manuel Sumberac,"=""0062835777""","=""9780062835772""",0,3.75,Greenwillow Books,Hardcover,334,2022,2022,,2022/12/27,to-read,to-read (#266),to-read,,,,0,0
60435878,Carrie Soto Is Back,Taylor Jenkins Reid,"Reid, Taylor Jenkins",,"=""0593158687""","=""9780593158685""",0,4.23,Ballantine Books,Hardcover,384,2022,2022,,2022/12/27,to-read,to-read (#265),to-read,,,,0,0
57876868,Things Have Gotten Worse Since We Last Spoke,Eric LaRocca,"LaRocca, Eric",,"=""""","=""""",0,3.01,Weirdpunk Books,Kindle Edition,120,2021,2021,,2022/12/27,to-read,to-read (#264),to-read,,,,0,0
58784475,"Tomorrow, and Tomorrow, and Tomorrow",Gabrielle Zevin,"Zevin, Gabrielle",,"=""0593321200""","=""9780593321201""",0,4.24,Knopf,Hardcover,401,2022,2022,,2022/12/26,to-read,to-read (#263),to-read,,,,0,0
42036538,"Gideon the Ninth (The Locked Tomb, #1)",Tamsyn Muir,"Muir, Tamsyn",,"=""1250313198""","=""9781250313195""",0,4.23,Tor,Hardcover,448,2019,2019,,2022/12/26,to-read,to-read (#262),to-read,,,,0,0
57390604,As Long as the Lemon Trees Grow,Zoulfa Katouh,"Katouh, Zoulfa",,"=""0316351377""","=""9780316351379""",0,4.52,"Little, Brown Books for Young Readers",Hardcover,432,2022,2022,,2022/12/26,to-read,to-read (#261),to-read,,,,0,0
56978100,The Girl Who Fell Beneath the Sea,Axie Oh,"Oh, Axie",Kuri Huang,"=""1250780861""","=""9781250780867""",0,4.15,Feiwel & Friends,Hardcover,325,2022,2022,,2022/12/26,to-read,to-read (#260),to-read,,,,0,0
54614599,First Person Singular: Stories,Haruki Murakami,"Murakami, Haruki",Philip Gabriel,"=""0593318072""","=""9780593318072""",0,3.55,Knopf,Hardcover,245,2021,2020,,2022/12/26,to-read,to-read (#259),to-read,,,,0,0
50892212,"These Violent Delights (These Violent Delights, #1)",Chloe Gong,"Gong, Chloe",,"=""1534457690""","=""9781534457690""",0,3.90,Margaret K. McElderry Books,Hardcover,449,2020,2020,,2022/12/26,to-read,to-read (#258),to-read,,,,0,0
59365195,"Bloodmarked (Legendborn, #2)",Tracy Deonn,"Deonn, Tracy",,"=""1534441638""","=""9781534441637""",5,4.40,Simon Schuster Books for Young Readers,Hardcover,576,2022,2022,2022/12/26,2021/08/15,,,read,,,,1,0
15014,Crucial Conversations: Tools for Talking When Stakes are High,Kerry Patterson,"Patterson, Kerry","Stephen R. Covey, Joseph Grenny, Ron McMillan, Al Switzler","=""0071401946""","=""9780071401944""",0,4.06,McGraw-Hill,Paperback,240,2002,2002,,2022/12/23,to-read,to-read (#257),to-read,,,,0,0
16255653,The Enchiridion of Epictetus,Epictetus,"Epictetus, Epictetus",,"=""1617207985""","=""9781617207983""",5,4.24,SMK Books,Paperback,26,2014,125,2022/12/08,2022/09/15,,,read,,,,1,0
34536488,Principles: Life and Work,Ray Dalio,"Dalio, Ray",Jeremy Bobb,"=""1508243247""","=""9781508243243""",0,4.12,Simon & Schuster Audio,Audio CD,592,2017,2017,,2022/12/06,to-read,to-read (#256),to-read,,,,0,0
16130549,"Doctor Sleep (The Shining, #2)",Stephen King,"King, Stephen",,"=""1476727651""","=""9781476727653""",0,4.13,Scribner,Hardcover,531,2013,2013,,2022/11/22,to-read,to-read (#255),to-read,,,,0,0
11588,"The Shining (The Shining, #1)",Stephen King,"King, Stephen",,"=""0450040186""","=""9780450040184""",4,4.26,New English Library (Hodder & Stoughton) ,Paperback,659,1980,1977,2022/11/22,2022/10/06,,,read,,,,1,0
5128,The Doors of Perception / Heaven and Hell,Aldous Huxley,"Huxley, Aldous",,"=""0060595183""","=""9780060595180""",0,3.93,Harper Perennial Modern Classics,Paperback,187,2004,1956,,2022/11/22,to-read,to-read (#254),to-read,,,,0,0
11275,The Wind-Up Bird Chronicle,Haruki Murakami,"Murakami, Haruki",Jay Rubin,"=""0965341984""","=""9780965341981""",0,4.15,Knopf,Paperback,607,1997,1994,,2022/11/06,to-read,to-read (#253),to-read,,,,0,0
34852851,Shiver: Selected Stories,Junji Ito,"Ito, Junji",,"=""1421596938""","=""9781421596938""",5,4.35,VIZ Media LLC,Hardcover,400,2017,2015,2022/10/11,2022/10/09,,,read,,,,1,0
43798285,The Institute,Stephen King,"King, Stephen",,"=""""","=""""",0,4.20,Scribner,Hardcover,561,2019,2019,,2022/10/11,to-read,to-read (#252),to-read,,,,0,0
9014,The Long Walk,Richard Bachman,"Bachman, Richard",Stephen King,"=""0451196716""","=""9780451196712""",4,4.09,Berkley,Mass Market Paperback,370,1999,1979,2022/10/07,2022/10/06,,,read,,,,1,0
44421460,"Before the Coffee Gets Cold (Before the Coffee Gets Cold, #1)",Toshikazu Kawaguchi,"Kawaguchi, Toshikazu",Geoffrey Trousselot,"=""1529029589""","=""9781529029581""",0,3.73,Picador,Paperback,213,2019,2015,,2022/08/09,to-read,to-read (#251),to-read,,,,0,0
97411,Letters from a Stoic,Seneca,"Seneca, Seneca",Seneca,"=""0140442103""","=""9780140442106""",0,4.35,Penguin Books,Paperback,254,2004,65,,2022/08/16,to-read,to-read (#250),to-read,,,,0,0
17607,All About Love: New Visions,bell hooks,"hooks, bell",,"=""0688168442""","=""9780688168445""",3,4.08,William Morrow,Hardcover,240,1999,1999,2022/09/14,2022/05/14,,,read,,,,1,0
25899336,When Breath Becomes Air,Paul Kalanithi,"Kalanithi, Paul",Abraham Verghese,"=""""","=""""",5,4.39,Random House,Kindle Edition,208,2016,2016,2022/09/09,2022/01/20,,,read,,,,1,0
59838811,Upgrade,Blake Crouch,"Crouch, Blake",,"=""0593157532""","=""9780593157534""",0,3.82,Ballantine Books,Hardcover,352,2022,2022,,2022/09/09,to-read,to-read (#249),to-read,,,,0,0
335090,Revolution from Within,Gloria Steinem,"Steinem, Gloria",,"=""0316812471""","=""9780316812474""",0,4.13,"Little, Brown and Company",Paperback,431,1993,1991,,2022/09/04,to-read,to-read (#248),to-read,,,,0,0
79352,Six Pillars of Self-Esteem,Nathaniel Branden,"Branden, Nathaniel",,"=""0553374397""","=""9780553374391""",0,4.11,Bantam,Paperback,341,1995,1994,,2022/09/04,to-read,to-read (#247),to-read,,,,0,0
52696537,If I Had Your Face,Frances Cha,"Cha, Frances",,"=""0593129466""","=""9780593129463""",5,3.75,Ballantine Books,Hardcover,288,2020,2020,2022/09/03,2021/12/09,,,read,,,,1,0
1842,"Guns, Germs, and Steel: The Fates of Human Societies",Jared Diamond,"Diamond, Jared",,"=""0739467352""","=""9780739467350""",3,4.04,W.W. Norton & Company,Paperback,498,2005,1997,2022/08/28,2022/03/18,,,read,,,,1,0
25507389,"Priest (Priest, #1)",Sierra Simone,"Simone, Sierra",,"=""""","=""""",2,3.69,,Kindle Edition,354,2015,2015,2022/08/27,2022/08/20,,,read,,,,1,0
36355617,Your Silence Will Not Protect You: Essays and Poems,Audre Lorde,"Lorde, Audre","Sara Ahmed, Reni Eddo-Lodge","=""0995716226""","=""9780995716223""",0,4.63,Silver Press,Paperback,229,2017,2017,,2022/08/26,to-read,to-read (#246),to-read,,,,0,0
2459785,"In the Woods (Dublin Murder Squad, #1)",Tana French,"French, Tana",,"=""""","=""""",3,3.79,Penguin Books,Paperback,431,2008,2007,2022/08/20,2022/07/21,,,read,,,,1,0
6596,The Four Agreements,Miguel Ruiz,"Ruiz, Miguel",ภัทริณี เจริญจินดา,"=""1878424505""","=""9781878424501""",0,4.18,Amber-Allen Publishing,Hardcover,152,2001,1997,,2022/08/18,to-read,to-read (#245),to-read,,,,0,0
30659,Meditations,Marcus Aurelius,"Aurelius, Marcus",Martin Hammond,"=""0140449337""","=""9780140449334""",5,4.27,Penguin Books,Paperback,254,2006,180,2022/08/16,2022/06/14,,,read,This book changed my life. That is all.,,,1,0
32998876,101 Essays That Will Change The Way You Think,Brianna Wiest,"Wiest, Brianna",,"=""""","=""""",4,3.80,Thought Catalog Books,Kindle Edition,450,2016,2016,2022/08/16,2022/01/17,,,read,"Based on my own experience as well as reading through other reviews, this book is definitely best digested reading slowly, ( I did one chapter a day for the most part ) as it may become repetitive otherwise. As I am in a transitory period myself in many areas of my life, alot of this book resonated with me. However, I felt some of the chapters could have been excluded or presented differently (too many lists!!).",,,1,0
72657,Pedagogy of the Oppressed,Paulo Freire,"Freire, Paulo","Myra Bergman Ramos, Donaldo Macedo","=""0826412769""","=""9780826412768""",0,4.30,Continuum,Paperback,183,2000,1968,,2022/08/16,to-read,to-read (#244),to-read,,,,0,0
635635,"Women, Race & Class",Angela Y. Davis,"Davis, Angela Y.",,"=""0394713516""","=""9780394713519""",0,4.57,Knopf Doubleday Publishing Group,Paperback,271,1983,1981,,2022/08/16,to-read,to-read (#243),to-read,,,,0,0
399262,Happening,Annie Ernaux,"Ernaux, Annie",Tanya Leslie,"=""1583222561""","=""9781583222560""",0,4.33,Seven Stories Press,Hardcover,96,2001,2000,,2022/08/16,to-read,to-read (#242),to-read,,,,0,0
36992441,Talking to My Daughter about the Economy: A Brief History of Capitalism,Yanis Varoufakis,"Varoufakis, Yanis",Jacob Moe,"=""""","=""""",0,4.12,Bodley Head,Hardcover,288,2018,2013,,2022/08/16,to-read,to-read (#241),to-read,,,,0,0
52263433,"The Secret Place (Dublin Murder Squad, #5)",Tana French,"French, Tana",,"=""0143127519""","=""9780143127512""",0,3.85,Penguin Books,Paperback,541,2019,2014,,2022/08/11,to-read,to-read (#240),to-read,,,,0,0
34267285,"The Trespasser (Dublin Murder Squad, #6)",Tana French,"French, Tana",,"=""0143110381""","=""9780143110385""",0,3.98,Penguin Books,Paperback,464,2017,2016,,2022/08/11,to-read,to-read (#239),to-read,,,,0,0
16171207,"Broken Harbor (Dublin Murder Squad, #4)",Tana French,"French, Tana",,"=""""","=""""",0,3.95,Penguin,Paperback,450,2013,2012,,2022/08/11,to-read,to-read (#238),to-read,,,,0,0
7093952,"Faithful Place (Dublin Murder Squad, #3)",Tana French,"French, Tana",,"=""0670021873""","=""9780670021871""",0,3.99,Viking,Hardcover,400,2010,2010,,2022/08/11,to-read,to-read (#237),to-read,,,,0,0
55507254,I Hate Men,Pauline Harmange,"Harmange, Pauline",Natasha Lehrer,"=""0008457581""","=""9780008457587""",2,3.83,HarperCollins,Hardcover,80,2021,2020,,2022/08/08,,,read,,,,1,0
17601,"The Will to Change: Men, Masculinity, and Love",bell hooks,"hooks, bell",,"=""0743456084""","=""9780743456081""",0,4.39,Washington Square Press,Mass Market Paperback,208,2004,2003,,2022/08/05,to-read,to-read (#236),to-read,,,,0,0
5297,The Picture of Dorian Gray,Oscar Wilde,"Wilde, Oscar",Jeffrey Eugenides,"=""""","=""""",2,4.12,Random House: Modern Library,Paperback,272,2004,1890,2022/08/05,2021/08/20,,,read,,,,1,0
26530355,Misbehaving: The Making of Behavioral Economics,Richard H. Thaler,"Thaler, Richard H.",,"=""039335279X""","=""9780393352795""",3,4.17,W. W. Norton & Company,Paperback,358,2016,2016,2022/08/04,2022/04/21,,,read,,,,1,0
92303,The Importance of Being Earnest,Oscar Wilde,"Wilde, Oscar",,"=""158049580X""","=""9781580495806""",0,4.18,Prestwick House,Paperback,76,2005,1895,,2022/07/31,to-read,to-read (#235),to-read,,,,0,0
59516880,Quarterlife: The Search for Self in Early Adulthood,Satya Doyle Byock,"Byock, Satya Doyle",,"=""0525511660""","=""9780525511663""",0,4.13,Random House,Hardcover,240,2022,,,2022/07/28,to-read,to-read (#234),to-read,,,,0,0
49552,The Stranger,Albert Camus,"Camus, Albert",Matthew  Ward,"=""""","=""""",3,4.01,Vintage International,Paperback,159,1989,1942,2022/07/27,2022/07/07,,,read,,,,1,0
46132,Mrs. Dalloway,Virginia Woolf,"Woolf, Virginia",,"=""0156628708""","=""9780156628709""",0,3.79,Mariner Books,Paperback,197,1990,1925,,2022/07/25,to-read,to-read (#233),to-read,,,,0,0
7144,Crime and Punishment,Fyodor Dostoevsky,"Dostoevsky, Fyodor","David McDuff, Joseph Frank","=""0143058142""","=""9780143058144""",0,4.26,Penguin,Paperback,671,2002,1866,,2022/07/25,to-read,to-read (#232),to-read,,,,0,0
60048960,"Sweet, Soft, Plenty Rhythm",Laura Warrell,"Warrell, Laura",,"=""0593316444""","=""9780593316443""",0,3.58,Pantheon,Hardcover,336,2022,2022,,2022/07/21,to-read,to-read (#231),to-read,,,,0,0
166997,Stoner,John  Williams,"Williams, John",John McGahern,"=""1590171993""","=""9781590171998""",0,4.32,New York Review Books,Paperback,288,2006,1965,,2022/07/11,to-read,to-read (#230),to-read,,,,0,0
5107,The Catcher in the Rye,J.D. Salinger,"Salinger, J.D.",,"=""0316769177""","=""9780316769174""",0,3.80,Back Bay Books,Paperback,277,2001,1951,,2021/07/22,to-read,to-read (#229),to-read,,,,1,0
22628,The Perks of Being a Wallflower,Stephen Chbosky,"Chbosky, Stephen",,"=""""","=""""",2,4.22,MTV Books/Pocket Books,Paperback,213,1999,1999,2022/07/21,2022/03/09,,,read,,,,1,0
11297,Norwegian Wood,Haruki Murakami,"Murakami, Haruki",Jay Rubin,"=""0375704027""","=""9780375704024""",3,4.02,Vintage Books,Paperback,296,2000,1987,2022/07/19,2022/05/01,,,read,,,,1,0
13588356,"Daring Greatly: How the Courage to Be Vulnerable Transforms the Way We Live, Love, Parent, and Lead",Brené Brown,"Brown, Brené",,"=""1592407331""","=""9781592407330""",0,4.29,Avery,Hardcover,287,2012,2012,,2022/07/16,to-read,to-read (#228),to-read,,,,0,0
35852435,Becoming Supernatural: How Common People are Doing the Uncommon,Joe Dispenza,"Dispenza, Joe",,"=""""","=""""",0,4.27,Hay House Inc.,Kindle Edition,375,2017,2017,,2022/07/16,to-read,to-read (#227),to-read,,,,0,0
194746,No Longer Human,Osamu Dazai,"Dazai, Osamu",Donald Keene,"=""0811204812""","=""9780811204811""",4,4.04,New Directions,Paperback,177,1958,1948,2022/07/11,2022/04/18,,,read,,,,1,0
194740,The Setting Sun (New Directions Book),Osamu Dazai,"Dazai, Osamu",Donald Keene,"=""0811200329""","=""9780811200325""",0,3.99,New Directions,Paperback,175,1968,1947,,2022/07/11,to-read,to-read (#226),to-read,,,,0,0
21853626,Undeniable: Evolution and the Science of Creation,Bill Nye,"Nye, Bill",,"=""1250007135""","=""9781250007131""",0,4.14,St. Martin's Press,Hardcover,309,2014,2014,,2022/07/11,to-read,to-read (#225),to-read,,,,0,0
97412,On the Shortness of Life: Life Is Long if You Know How to Use It (Penguin Great Ideas),Seneca,"Seneca, Seneca",C.D.N. Costa,"=""0143036327""","=""9780143036326""",0,4.19,Penguin Books,Paperback,106,2005,49,,2022/07/10,to-read,to-read (#224),to-read,,,,0,0
15893116,"The H Factor of Personality: Why Some People Are Manipulative, Self-Entitled, Materialistic, and Exploitative and Why It Matters for Everyone",Kibeom Lee,"Lee, Kibeom",Michael C. Ashton,"=""1554588340""","=""9781554588343""",0,4.04,Wilfrid Laurier University Press,Paperback,212,2012,2012,,2022/07/10,to-read,to-read (#223),to-read,,,,0,0
25330069,Socialism . . . Seriously: A Brief Guide to Human Liberation,Danny Katch,"Katch, Danny",,"=""1608465152""","=""9781608465156""",0,3.92,Haymarket Books,Paperback,250,2015,2015,,2022/07/09,to-read,to-read (#222),to-read,,,,0,0
15796700,Americanah,Chimamanda Ngozi Adichie,"Adichie, Chimamanda Ngozi",Jashar Awan,"=""""","=""""",0,4.32,Alfred A. Knopf,Hardcover,477,2013,2013,,2022/07/07,to-read,to-read (#221),to-read,,,,0,0
11337,The Bluest Eye,Toni Morrison,"Morrison, Toni",,"=""0452287065""","=""9780452287068""",0,4.11,Plume,Paperback,216,2005,1970,,2022/07/07,to-read,to-read (#220),to-read,,,,0,0
30244626,4 3 2 1,Paul Auster,"Auster, Paul",,"=""1627794468""","=""9781627794466""",0,3.95,Henry Holt and Co.,Hardcover,866,2017,2017,,2022/07/07,to-read,to-read (#219),to-read,,,,0,0
43218722,How to Be an Anticapitalist in the Twenty-First Century,Erik Olin Wright,"Wright, Erik Olin",,"=""1788736052""","=""9781788736053""",0,3.97,Verso,Hardcover,176,2019,2019,,2022/07/07,to-read,to-read (#218),to-read,,,,0,0
52411999,Glitch Feminism: A Manifesto,Legacy Russell,"Russell, Legacy",,"=""""","=""9781786632661""",0,3.82,Verso,Paperback,178,2020,2020,,2022/07/07,to-read,to-read (#217),to-read,,,,0,0
54897741,The Disconnect: A Personal Journey Through the Internet,Róisín Kiberd,"Kiberd, Róisín",,"=""1788165772""","=""9781788165778""",0,4.20,Serpent's Tail,Paperback,304,2021,2021,,2022/07/07,to-read,to-read (#216),to-read,,,,0,0
22632,"The Trial and Death of Socrates (Euthyphro, Apology, Crito, Phaedo)",Plato,"Plato, Plato","John M. Cooper, G.M.A. Grube","=""0872205541""","=""9780872205543""",0,4.11,Hackett Publishing Company,,58,2001,-400,,2022/07/07,to-read,to-read (#215),to-read,,,,0,0
4069,Man's Search for Meaning,Viktor E. Frankl,"Frankl, Viktor E.","Harold S. Kushner, William J. Winslade, Isle Lasch","=""080701429X""","=""9780807014295""",0,4.37,Beacon Press,Paperback,165,2006,1959,,2022/07/07,to-read,to-read (#214),to-read,,,,0,0
7613,Animal Farm,George Orwell,"Orwell, George","Chris Mould, Αύγουστος Κορτώ, Boris Grabnar, Celâl Üster, Николай Николов, Κυριάκος Ντελόπουλος, Peter Škerl, Pau Masiques, José Manuel Moreno Cidoncha, Τζωρτζ Όργουελ, Celâl Üstüner","=""""","=""""",0,3.98,NAL,Paperback,122,2003,1945,,2022/07/07,to-read,to-read (#213),to-read,,,,0,0
27323,Hiroshima,John Hersey,"Hersey, John",,"=""0679721037""","=""9780679721031""",0,4.01,Vintage,Paperback,152,1989,1946,,2022/07/07,to-read,to-read (#212),to-read,,,,0,0
58446227,Sea of Tranquility,Emily St. John Mandel,"Mandel, Emily St. John",,"=""0593321448""","=""9780593321447""",0,4.11,Knopf,Hardcover,259,2022,2022,,2022/07/07,to-read,to-read (#211),to-read,,,,0,0
58371432,The Book of Cold Cases,Simone St. James,"James, Simone St.",,"=""0440000211""","=""9780440000211""",0,3.80,Berkley,Hardcover,344,2022,2022,,2022/07/07,to-read,to-read (#210),to-read,,,,0,0
5129,Brave New World,Aldous Huxley,"Huxley, Aldous",,"=""0060929871""","=""9780060929879""",5,3.99,HarperPerennial / Perennial Classics,Paperback,268,1998,1932,2022/07/07,2021/10/14,,,read,,,,1,0
2804722,The History of Western Philosophy,Bertrand Russell,"Russell, Bertrand",,"=""""","=""""",0,4.12,Touchstone,Trade Paperback,895,1972,1945,,2022/07/06,to-read,to-read (#209),to-read,,,,0,0
23692271,Sapiens: A Brief History of Humankind,Yuval Noah Harari,"Harari, Yuval Noah",,"=""""","=""""",0,4.38,Vintage,Paperback,512,2015,2011,,2021/12/20,to-read,to-read (#208),to-read,,,,0,0
1963638,The Untethered Soul: The Journey Beyond Yourself,Michael A. Singer,"Singer, Michael A.",,"=""1572245379""","=""9781572245372""",2,4.22,New Harbinger Publications,Paperback,183,2007,2007,2022/07/05,2022/05/31,,,read,The first few chapters were very good! Lost me after that however...,,,1,0
3228658,Stoic Philosophy,John M. Rist,"Rist, John M.",,"=""0521292018""","=""9780521292016""",0,4.17,Cambridge University Press,Paperback,312,1977,1969,,2022/07/02,to-read,to-read (#207),to-read,,,,0,0
2990760,The Stoics,F.H. Sandbach,"Sandbach, F.H.",,"=""0872202534""","=""9780872202535""",0,3.91,"Hackett Publishing Company, Inc.",Paperback,192,1994,1975,,2022/07/02,to-read,to-read (#206),to-read,,,,0,0
774857,"Hellenistic Philosophy: Stoics, Epicureans, Sceptics",Anthony A. Long,"Long, Anthony A.",,"=""0520058089""","=""9780520058088""",0,3.87,University of California Press,Paperback,274,1986,1974,,2022/07/02,to-read,to-read (#205),to-read,,,,0,0
29044,The Secret History,Donna Tartt,"Tartt, Donna",,"=""1400031702""","=""9781400031702""",3,4.17,Vintage,Paperback,559,1992,1992,2022/06/28,2021/09/19,,,read,,,,1,0
14622962,"Reflected in You (Crossfire, #2)",Sylvia Day,"Day, Sylvia",,"=""""","=""""",0,4.31,Berkley,Kindle Edition,352,2012,2012,,2022/06/28,to-read,to-read (#204),to-read,,,,0,0
9544,Owning Your Own Shadow: Understanding the Dark Side of the Psyche,Robert A. Johnson,"Johnson, Robert A.",,"=""0062507540""","=""9780062507549""",4,3.99,HarperSanFrancisco,Paperback,118,1994,1991,2022/06/27,2022/06/02,,,read,"As someone just getting into psychology, this book presented many new ideas to me. Although I did not agree with all of them as I am not a particularly religious person, I enjoyed the read. As other reviews already stated, I felt as though the book was too short and lacked the necessary depth for this topic.",,,1,0
38728977,"The Molecule of More: How a Single Chemical in Your Brain Drives Love, Sex, and Creativity—and Will Determine the Fate of the Human Race",Daniel Z. Lieberman,"Lieberman, Daniel Z.",Michael E. Long,"=""1946885118""","=""9781946885111""",0,4.16,BenBella Books,Hardcover,240,2018,2018,,2022/06/25,to-read,to-read (#203),to-read,,,,0,0
8908,World War Z: An Oral History of the Zombie War,Max Brooks,"Brooks, Max",,"=""0307346609""","=""9780307346605""",0,4.02,Crown,Hardcover,342,2006,2006,,2022/06/23,to-read,to-read (#202),to-read,,,,0,0
43763,"Interview with the Vampire (The Vampire Chronicles, #1)",Anne Rice,"Rice, Anne",,"=""0345476875""","=""9780345476876""",0,4.01,Ballantine Books,Paperback,346,2004,1976,,2022/06/22,to-read,to-read (#201),to-read,,,,0,0
9512985,The Personal MBA: Master the Art of Business,Josh Kaufman,"Kaufman, Josh",,"=""1591843529""","=""9781591843528""",0,4.10,Portfolio,Hardcover,416,2010,2010,,2022/06/15,to-read,to-read (#200),to-read,,,,0,0
6052302,"Financial Words You Should Know: Over 1,000 Essential Investment, Accounting, Real Estate, and Tax Words",Michele Cagan CPA,"CPA, Michele Cagan",P.T. Shank,"=""1605500356""","=""9781605500355""",0,4.15,Adams Media,Paperback,256,2009,2009,,2022/06/13,to-read,to-read (#199),to-read,,,,0,0
646175,Modern Man in Search of a Soul,C.G. Jung,"Jung, C.G.","W.S. Dell, Cary F. Baynes","=""0156612062""","=""9780156612067""",0,4.19,Harcourt ,Paperback,244,1955,1931,,2022/06/13,to-read,to-read (#198),to-read,,,,0,0
43306206,"The Courage to Be Disliked: How to Free Yourself, Change your Life and Achieve Real Happiness",Ichiro Kishimi,"Kishimi, Ichiro",Fumitake Koga,"=""""","=""""",4,4.05,Allen & Unwin,Paperback,288,2019,2013,2022/06/13,2022/03/30,,,read,,,,1,0
58796563,Speed & Scale: A Global Action Plan for Solving Our Climate Crisis Now,John Doerr,"Doerr, John",,"=""""","=""""",0,4.25,Penguin Business,Kindle Edition,442,2021,2021,,2022/06/10,to-read,to-read (#197),to-read,,,,0,0
51893,Thus Spoke Zarathustra,Friedrich Nietzsche,"Nietzsche, Friedrich","Walter Kaufmann, Silvia Cecchini, Domenico Ciampoli","=""""","=""""",0,4.07,Penguin Books,Paperback,327,1978,1883,,2022/06/05,to-read,to-read (#196),to-read,,,,0,0
12321,Beyond Good and Evil,Friedrich Nietzsche,"Nietzsche, Friedrich","Michael Tanner, R.J. Hollingdale","=""014044923X""","=""9780140449235""",0,4.02,Penguin Classics,Paperback,240,2003,1886,,2022/06/05,to-read,to-read (#195),to-read,,,,0,0
4005310,Why Evolution Is True,Jerry A. Coyne,"Coyne, Jerry A.",,"=""0670020532""","=""9780670020539""",0,4.18,Viking,Hardcover,282,2009,2008,,2022/06/05,to-read,to-read (#194),to-read,,,,0,0
7939559,"Bad Science: Quacks, Hacks, and Big Pharma Flacks",Ben Goldacre,"Goldacre, Ben",,"=""0865479186""","=""9780865479180""",0,4.06,"Farrar, Straus and Giroux",Paperback,304,2010,2008,,2022/06/05,to-read,to-read (#193),to-read,,,,0,0
17349,The Demon-Haunted World: Science as a Candle in the Dark,Carl Sagan,"Sagan, Carl",Ann Druyan,"=""0345409469""","=""9780345409461""",0,4.28,Ballantine Books,Paperback,459,1997,1996,,2022/06/05,to-read,to-read (#192),to-read,,,,0,0
31808862,"How to Day Trade for a Living: A Beginner’s Guide to Trading Tools and Tactics, Money Management, Discipline and Trading Psychology",Andrew Aziz,"Aziz, Andrew",,"=""""","=""""",0,4.07,Createspace Independent Publishing Platform,Paperback,366,2016,2016,,2022/06/04,to-read,to-read (#191),to-read,,,,0,0
59385893,Half-Blown Rose,Leesa Cross-Smith,"Cross-Smith, Leesa",,"=""1538755165""","=""9781538755167""",0,3.46,Grand Central Publishing,Hardcover,384,2022,2022,,2022/06/04,to-read,to-read (#190),to-read,,,,0,0
59344312,Verity,Colleen Hoover,"Hoover, Colleen",,"=""""","=""9781538724743""",0,4.36,Grand Central Publishing,Paperback,336,2021,2018,,2021/10/27,to-read,to-read (#189),to-read,,,,0,0
50202953,Piranesi,Susanna Clarke,"Clarke, Susanna",,"=""163557563X""","=""9781635575637""",0,4.24,Bloomsbury,Hardcover,245,2020,2020,,2021/12/07,to-read,to-read (#188),to-read,,,,0,0
25741189,Sacred Knowledge: Psychedelics and Religious Experiences,William A. Richards,"Richards, William A.",,"=""0231174063""","=""9780231174060""",0,4.21,Columbia University Press,Hardcover,256,2015,2015,,2022/06/02,to-read,to-read (#187),to-read,,,,0,0
10767834,The Neurobiology of the Gods: How Brain Physiology Shapes the Recurrent Imagery of Myth and Dreams,Erik D. Goodwyn,"Goodwyn, Erik D.",,"=""0415673003""","=""9780415673006""",0,4.15,Routledge,Paperback,272,2011,2011,,2022/06/02,to-read,to-read (#186),to-read,,,,0,0
5664985,Along for the Ride,Sarah Dessen,"Dessen, Sarah",,"=""0670011940""","=""9780670011940""",0,4.04,Viking Books for Young Readers,Hardcover,383,2009,2009,,2022/06/02,,,read,,,,1,0
59575939,An Immense World: How Animal Senses Reveal the Hidden Realms Around Us,Ed Yong,"Yong, Ed",,"=""""","=""""",0,4.49,Random House,Hardcover,464,2022,2022,,2022/06/02,to-read,to-read (#185),to-read,,,,0,0
20448515,"Bared to You (Crossfire, #1)",Sylvia Day,"Day, Sylvia",,"=""""","=""""",3,4.15,Berkley,Paperback,352,2014,2012,2022/06/02,2022/05/27,,,read,I want to hate this...  but it's like a guilty pleasure,,,1,0
1303,The 48 Laws of Power,Robert Greene,"Greene, Robert",,"=""0140280197""","=""9780140280197""",0,4.15,Penguin Books,Paperback,452,2000,1998,,2022/05/31,to-read,to-read (#184),to-read,,,,0,0
44020698,Daring To Take Up Space,Daniell Koepke,"Koepke, Daniell",Thought Catalog,"=""""","=""""",0,4.20,Thought Catalog Books,Kindle Edition,98,2019,,,2022/05/30,to-read,to-read (#183),to-read,,,,0,0
44525766,Loserthink: How Untrained Brains Are Ruining America,Scott Adams,"Adams, Scott",,"=""0593083520""","=""9780593083529""",0,3.80,Portfolio,Hardcover,256,2019,2019,,2022/05/30,to-read,to-read (#182),to-read,,,,0,0
43124132,Life of the Party,Olivia Gatwood,"Gatwood, Olivia",,"=""1984801902""","=""9781984801906""",0,4.20,Dial Press,Paperback,128,2019,2019,,2022/05/30,to-read,to-read (#181),to-read,,,,0,0
57393737,A Gentle Reminder,Bianca Sparacino,"Sparacino, Bianca",,"=""1949759296""","=""9781949759297""",0,4.29,Thought Catalog Books,Paperback,152,2021,2021,,2022/05/30,to-read,to-read (#180),to-read,,,,0,0
41949311,Someone Who Will Love You in All Your Damaged Glory,Raphael Bob-Waksberg,"Bob-Waksberg, Raphael",,"=""""","=""""",0,4.05,Knopf,Kindle Edition,256,2019,2019,,2022/05/30,to-read,to-read (#179),to-read,,,,0,0
66370,Rage,Richard Bachman,"Bachman, Richard",Stephen King,"=""0451076451""","=""9780451076458""",0,3.74,Signet,Paperback,131,1977,1977,,2022/05/30,to-read,to-read (#178),to-read,,,,0,0
42925644,Do Less: The Unexpected Strategy for Women to Get More of What They Want in Work and Life,Kate Northrup,"Northrup, Kate",,"=""""","=""""",0,3.65,Hay House Inc.,Kindle Edition,264,2019,,,2022/05/28,to-read,to-read (#177),to-read,,,,0,0
54110452,The Secret World of Weather,Tristan Gooley,"Gooley, Tristan",,"=""1615197540""","=""9781615197545""",0,3.95,The Experiment,Hardcover,400,2021,2021,,2022/05/28,to-read,to-read (#176),to-read,,,,0,0
22580996,"The Lost Art of Reading Nature’s Signs: Use Outdoor Clues to Find Your Way, Predict the Weather, Locate Water, Track Animals―and Other Forgotten Skills (Natural Navigation)",Tristan Gooley,"Gooley, Tristan",,"=""1615192417""","=""9781615192410""",0,3.76,The Experiment,Paperback,416,2015,2014,,2022/05/28,to-read,to-read (#175),to-read,,,,0,0
33313780,"Witches, Sluts, Feminists: Conjuring the Sex Positive",Kristen J. Sollee,"Sollee, Kristen J.",,"=""0996485287""","=""9780996485289""",0,3.87,Threel Media,ebook,178,2017,2017,,2022/05/14,to-read,to-read (#174),to-read,,,,0,0
42379216,The Truants,Kate Weinberg,"Weinberg, Kate",,"=""""","=""""",0,3.36,Putnam,Hardcover,352,2019,2019,,2022/05/27,to-read,to-read (#173),to-read,,,,0,0
50158128,"Raybearer (Raybearer, #1)",Jordan Ifueko,"Ifueko, Jordan",,"=""1419739824""","=""9781419739828""",0,4.36,Amulet Books,Hardcover,368,2020,2020,,2022/05/27,to-read,to-read (#172),to-read,,,,0,0
40916679,"A Good Girl's Guide to Murder (A Good Girl's Guide to Murder, #1)",Holly  Jackson,"Jackson, Holly",,"=""1405293187""","=""9781405293181""",0,4.34,Electric Monkey,Paperback,433,2019,2019,,2022/05/27,to-read,to-read (#171),to-read,,,,0,0
13058637,Subliminal: How Your Unconscious Mind Rules Your Behavior,Leonard Mlodinow,"Mlodinow, Leonard",,"=""0307378217""","=""9780307378217""",0,4.07,Pantheon,Hardcover,260,2012,2012,,2022/05/26,to-read,to-read (#170),to-read,,,,0,0
18521,A Room of One's Own,Virginia Woolf,"Woolf, Virginia",,"=""""","=""""",4,4.20,Penguin Books,Paperback,112,2000,1929,2022/05/26,2022/05/01,,,read,,,,1,0
40727470,"Stalking Jack the Ripper (Stalking Jack the Ripper, #1)",Kerri Maniscalco,"Maniscalco, Kerri",,"=""""","=""""",2,3.97,Jimmy Patterson,Kindle Edition,337,2016,2016,2022/05/21,2022/05/12,,,read,I was really excited about the storyline of this book but the execution just really didn't do it for me,,,1,0
56385276,"Don't F*cking Panic: The Shit They Don't Tell You in Therapy About Anxiety Disorder, Panic Attacks, & Depression",Kelsey Darragh,"Darragh, Kelsey",,"=""""","=""""",0,4.05,Thought Catalog Books,Kindle Edition,,2020,2020,,2022/05/19,to-read,to-read (#169),to-read,,,,0,0
27091,Teaching to Transgress: Education as the Practice of Freedom (Harvest in Translation),bell hooks,"hooks, bell",,"=""0415908086""","=""9780415908085""",0,4.44,Routledge,Paperback,216,1994,1994,,2022/05/14,to-read,to-read (#168),to-read,,,,0,0
168484,Feminism Is for Everybody: Passionate Politics,bell hooks,"hooks, bell",,"=""0896086283""","=""9780896086289""",0,4.15,South End Press,Paperback,123,2000,2000,,2022/05/14,to-read,to-read (#167),to-read,,,,0,0
198496,Cecilia,Frances Burney,"Burney, Frances","Margaret Anne Doody, Annie Ellis, Peter Sabor","=""0192839098""","=""9780192839091""",0,3.76,Oxford University Press,Paperback,1056,1999,1782,,2022/05/14,to-read,to-read (#166),to-read,,,,0,0
60393672,"It Starts with Us (It Ends with Us, #2)",Colleen Hoover,"Hoover, Colleen",,"=""1668001225""","=""9781668001226""",0,3.94,Atria Books,Paperback,323,2022,2022,,2022/05/14,to-read,to-read (#165),to-read,,,,0,0
408615,Left to Tell: Discovering God Amidst the Rwandan Holocaust,Immaculée Ilibagiza,"Ilibagiza, Immaculée",Steve Erwin,"=""1401908977""","=""9781401908973""",0,4.42,Hay House,Paperback,214,2007,2006,,2022/05/14,to-read,to-read (#164),to-read,,,,0,0
38532183,"How to Be Alone: If You Want To, and Even If You Don't",Lane Moore,"Moore, Lane",,"=""1501178830""","=""9781501178832""",0,3.71,Atria Books,Paperback,224,2018,2018,,2022/05/13,to-read,to-read (#163),to-read,,,,0,0
36809135,Where the Crawdads Sing,Delia Owens,"Owens, Delia",,"=""0735219117""","=""9780735219113""",0,4.41,G.P. Putnam’s Sons,ebook,384,2018,2018,,2022/05/12,to-read,to-read (#162),to-read,,,,0,0
36258028,One True Loves,Taylor Jenkins Reid,"Reid, Taylor Jenkins",,"=""9781476776""","=""""",0,4.08,Washington Square Press,Paperback,331,2016,2016,,2022/05/12,to-read,to-read (#161),to-read,,,,0,0
13650514,Surprised by Joy,C.S. Lewis,"Lewis, C.S.",,"=""0007461275""","=""9780007461271""",0,4.06,HarperCollins,Paperback,277,2012,1955,,2022/05/12,to-read,to-read (#160),to-read,,,,0,0
17333223,The Goldfinch,Donna Tartt,"Tartt, Donna",,"=""0316055433""","=""9780316055437""",0,3.93,"Little, Brown",Hardcover,864,2013,2013,,2022/05/12,to-read,to-read (#159),to-read,,,,0,0
52867387,Beach Read,Emily Henry,"Henry, Emily",,"=""1984806734""","=""9781984806734""",2,4.03,Berkley,Paperback,358,2020,2020,2022/05/12,2022/05/11,,,read,,,,1,0
22822858,A Little Life,Hanya Yanagihara,"Yanagihara, Hanya",,"=""""","=""""",3,4.34,Doubleday,Hardcover,720,2015,2015,2022/05/12,2022/03/16,,,read,"Very conflicted on my rating of this book. DNF'd at 80%. The author's writing style was incredibly captivating and really sucked you into the character's world. However, as many reviewers have already warned, this is a very heavy read! Although I found myself really wanting to continue on and know how the story ends, ultimately almost every time I read this book I came away feeling sad, anxious, triggered or all three. There were some really amazing comforting parts though.",,,1,0
56269264,The Dawn of Everything: A New History of Humanity,David Graeber,"Graeber, David",David Wengrow,"=""0374157359""","=""9780374157357""",0,4.20,"Farrar, Straus and Giroux",Hardcover,692,2021,2021,,2022/05/12,to-read,to-read (#158),to-read,,,,0,0
44667183,"The Madness of Crowds: Gender, Race and Identity",Douglas Murray,"Murray, Douglas",,"=""1635579988""","=""9781635579987""",0,4.22,Bloomsbury Continuum,Hardcover,288,2019,2019,,2022/05/12,to-read,to-read (#157),to-read,,,,0,0
38255372,"Well-Read Black Girl: Finding Our Stories, Discovering Ourselves",Glory Edim,"Edim, Glory","Jesmyn Ward, Lynn Nottage, Jacqueline Woodson, Gabourey Sidibe, Morgan Jerkins, Tayari Jones, Rebecca Walker, Barbara     Smith, Zinzi Clemmons, N.K. Jemisin, Nicole Y. Dennis-Benn, Jamia Wilson","=""0525619771""","=""9780525619772""",0,4.38,Ballantine Books,Hardcover,201,2018,2018,,2022/05/11,to-read,to-read (#156),to-read,,,,0,0
43923951,Such a Fun Age,Kiley Reid,"Reid, Kiley",,"=""""","=""""",0,3.81,G.P. Putnam's Sons,Hardcover,310,2019,2019,,2022/05/10,to-read,to-read (#155),to-read,,,,0,0
30079724,Homesick for Another World,Ottessa Moshfegh,"Moshfegh, Ottessa",,"=""0399562885""","=""9780399562884""",0,3.64,Penguin Press,Hardcover,294,2017,2017,,2022/05/01,to-read,to-read (#154),to-read,,,,0,0
17910054,The Sixth Extinction: An Unnatural History,Elizabeth Kolbert,"Kolbert, Elizabeth",,"=""0805092994""","=""9780805092998""",0,4.15,Henry Holt and Co. (Georg von Holtzbrinck),Hardcover,336,2014,2014,,2022/05/01,to-read,to-read (#153),to-read,,,,0,0
38501,Ham on Rye,Charles Bukowski,"Bukowski, Charles",,"=""006117758X""","=""9780061177583""",0,4.15,Ecco,Paperback,288,2014,1982,,2022/05/01,to-read,to-read (#152),to-read,,,,0,0
49455,Notes from Underground,Fyodor Dostoevsky,"Dostoevsky, Fyodor","Richard Pevear, Larissa Volokhonsky, Donald Fanger","=""067973452X""","=""9780679734529""",0,4.18,Vintage Classics,Paperback,136,1994,1864,,2022/05/01,to-read,to-read (#151),to-read,,,,0,0
34313931,A Woman Is No Man,Etaf Rum,"Rum, Etaf",,"=""0062699768""","=""9780062699763""",0,4.26,Harper,Hardcover,339,2019,2019,,2022/05/01,to-read,to-read (#150),to-read,,,,0,0
36687229,Hood Feminism: Notes from the Women That a Movement Forgot,Mikki Kendall,"Kendall, Mikki",,"=""""","=""""",0,4.39,Viking,Hardcover,267,2020,2020,,2022/05/01,to-read,to-read (#149),to-read,,,,0,0
10534,The Art of War,Sun Tzu,"Tzu, Sun",Thomas Cleary,"=""""","=""""",0,3.96,Harper Press,Paperback,273,2005,-400,,2022/05/01,to-read,to-read (#148),to-read,,,,0,0
9420697,"The Compound Effect: Jumpstart Your Income, Your Life, Your Success",Darren Hardy,"Hardy, Darren",,"=""""","=""""",0,4.23,SUCCESS Books,Kindle Edition,162,,2010,,2022/05/01,to-read,to-read (#147),to-read,,,,0,0
53138197,Of Women and Salt,Gabriela  Garcia,"Garcia, Gabriela",,"=""1250776686""","=""9781250776686""",0,3.70,Flatiron Books,Hardcover,207,2021,2021,,2022/04/27,to-read,to-read (#146),to-read,,,,0,0
90413,The Queen of the South,Arturo Pérez-Reverte,"Pérez-Reverte, Arturo",,"=""0330413147""","=""9780330413145""",0,3.95,Picador,Paperback,528,2005,2002,,2022/04/26,to-read,to-read (#145),to-read,,,,0,0
38744579,What a Time to Be Alone: The Slumflower's Guide to Why You Are Already Enough,Chidera Eggerue,"Eggerue, Chidera",,"=""1787132110""","=""9781787132115""",0,3.78,Quadrille Publishing,Hardcover,192,2018,2018,,2022/04/24,to-read,to-read (#144),to-read,,,,0,0
11468377,"Thinking, Fast and Slow",Daniel Kahneman,"Kahneman, Daniel",,"=""0374275637""","=""9780374275631""",0,4.18,"Farrar, Straus and Giroux",Hardcover,499,2011,2011,,2022/04/21,to-read,to-read (#143),to-read,,,,0,0
22738563,We Should All Be Feminists,Chimamanda Ngozi Adichie,"Adichie, Chimamanda Ngozi",,"=""""","=""""",4,4.41,Vintage,Kindle Edition,65,2014,2012,2022/04/20,2022/04/18,,,read,,,,1,0
53138199,Girlhood,Melissa Febos,"Febos, Melissa",,"=""1635572525""","=""9781635572520""",3,4.27,Bloomsbury Publishing,Hardcover,320,2021,2021,2022/04/20,2022/03/30,,,read,,,,1,0
35959740,Circe,Madeline Miller,"Miller, Madeline",,"=""0316556343""","=""9780316556347""",0,4.25,"Little, Brown and Company",Hardcover,393,2018,2018,,2022/04/18,to-read,to-read (#142),to-read,,,,0,0
52578297,The Midnight Library,Matt Haig,"Haig, Matt",,"=""""","=""""",5,4.02,Viking,Hardcover,304,2020,2020,2022/04/18,2021/08/13,,,read,"This was a very emotional and comforting read. I found myself relating to the MC in more ways than one. Easily one of my favorite books I've read for the year so far, will definitely be reading this one again!",,,1,0
57846320,The School for Good Mothers,Jessamine Chan,"Chan, Jessamine",,"=""""","=""""",0,3.56,Simon & Schuster,Hardcover,336,2022,2022,,2022/04/18,to-read,to-read (#141),to-read,,,,0,0
57693262,Cleopatra and Frankenstein,Coco Mellors,"Mellors, Coco",,"=""1635576814""","=""9781635576818""",0,3.87,Bloomsbury Publishing,Hardcover,384,2022,2022,,2022/04/18,to-read,to-read (#140),to-read,,,,0,0
58446218,How to Take Over the World: Practical Schemes and Scientific Solutions for the Aspiring Supervillain,Ryan North,"North, Ryan",,"=""059319201X""","=""9780593192016""",4,4.04,Riverhead Books,Hardcover,416,2022,2022,2022/04/13,2022/03/25,,,read,,,,1,0
9361589,The Night Circus,Erin Morgenstern,"Morgenstern, Erin",,"=""""","=""9780385534635""",3,4.02,Doubleday,Hardcover,400,2011,2011,2022/04/13,2021/08/12,,,read,,,,1,0
44137837,The Silent Patient,Alex Michaelides,"Michaelides, Alex",,"=""1250230780""","=""9781250230782""",4,4.18,Celadon Books,Paperback,323,2019,2019,2022/04/08,2022/01/03,,,read,,,,1,0
38819868,"My Sister, the Serial Killer",Oyinkan Braithwaite,"Braithwaite, Oyinkan",,"=""0385544235""","=""9780385544238""",0,3.69,Doubleday,Hardcover,226,2018,2018,,2022/04/01,to-read,to-read (#139),to-read,,,,0,0
58065031,When We Were Birds,Ayanna Lloyd Banwo,"Banwo, Ayanna Lloyd",,"=""0385547269""","=""9780385547260""",5,3.84,Doubleday,Hardcover,292,2022,2022,2022/03/31,2022/03/18,,,read,,,,1,0
56132724,"The Woman They Could Not Silence: One Woman, Her Incredible Fight for Freedom, and the Men Who Tried to Make Her Disappear",Kate  Moore,"Moore, Kate",,"=""1492696722""","=""9781492696728""",0,4.31,Sourcebooks,Hardcover,560,2021,2021,,2022/03/30,to-read,to-read (#138),to-read,,,,0,0
58949285,"Ace the Data Science Interview: 201 Real Interview Questions Asked By FAANG, Tech Startups, & Wall Street",Kevin Huo,"Huo, Kevin",Nick Singh,"=""0578973839""","=""9780578973838""",0,4.34,,Paperback,301,2021,,,2022/03/29,to-read,to-read (#137),to-read,,,,0,0
44770129,"Ultralearning: Master Hard Skills, Outsmart the Competition, and Accelerate Your Career",Scott H. Young,"Young, Scott H.",James Clear,"=""""","=""""",4,3.95,Harper Business,Kindle Edition,305,2019,2019,2022/03/26,2021/12/21,,,read,,,,1,0
41057294,Normal People,Sally Rooney,"Rooney, Sally",,"=""1984822179""","=""9781984822178""",4,3.81,Hogarth,Hardcover,273,2019,2018,2022/03/24,2022/03/15,,,read,,,,1,0
60024513,A Life Cycle: A Guide to Healing and Rediscovering Yourself,Nicole Asherah,"Asherah, Nicole",,"=""""","=""9798985187106""",0,4.64,Woven Ember Press,Paperback,150,2022,,,2022/03/23,to-read,to-read (#136),to-read,,,,0,0
56597885,"Beautiful World, Where Are You",Sally Rooney,"Rooney, Sally",,"=""0374602603""","=""9780374602604""",0,3.55,"Farrar, Straus and Giroux",Hardcover,356,2021,2021,,2022/03/15,to-read,to-read (#135),to-read,,,,0,0
58468990,The Paris Apartment,Lucy Foley,"Foley, Lucy",,"=""0063003058""","=""9780063003057""",5,3.68,William Morrow,Hardcover,360,2022,2022,2022/03/22,2022/03/09,,,read,,,,1,0
21,A Short History of Nearly Everything,Bill Bryson,"Bryson, Bill",,"=""076790818X""","=""9780767908184""",0,4.21,Crown,Paperback,544,2004,2003,,2022/03/18,to-read,to-read (#134),to-read,,,,0,0
6514,The Bell Jar,Sylvia Plath,"Plath, Sylvia",,"=""""","=""""",5,4.04,Harper Perennial Modern Classics,Paperback,294,2006,1963,2022/03/15,2021/12/20,,,read,,,,1,0
38462,Giovanni's Room,James Baldwin,"Baldwin, James",,"=""0141186356""","=""9780141186351""",0,4.31,Penguin,Paperback,159,2000,1956,,2022/03/15,to-read,to-read (#133),to-read,,,,0,0
42397849,Burnout: The Secret to Unlocking the Stress Cycle,Emily Nagoski,"Nagoski, Emily",Amelia Nagoski,"=""198481706X""","=""9781984817068""",0,3.97,Ballantine Books,Hardcover,277,2019,2019,,2022/03/15,to-read,to-read (#132),to-read,,,,0,0
43317482,In the Dream House,Carmen Maria Machado,"Machado, Carmen Maria",,"=""1644450038""","=""9781644450031""",0,4.46,Graywolf Press,Hardcover,251,2019,2019,,2022/03/12,to-read,to-read (#131),to-read,,,,0,0
913420,Overcoming Social Anxiety and Shyness (Overcoming),Gillian Butler,"Butler, Gillian",,"=""1854877038""","=""9781854877031""",4,3.79,Robinson,Paperback,259,1999,1999,2022/03/11,2022/02/26,,,read,,,,1,0
53414230,Open Water,Caleb Azumah Nelson,"Nelson, Caleb Azumah",,"=""0241448778""","=""9780241448779""",5,4.09,VIKIN,Hardcover,145,2021,2021,2022/03/08,2022/03/01,,,read,"This book has been my favorite read of the year so far! Beautifully written, this book is literally a work art. A love story which gives so much more than just that. Written from the perspective of a young black man, the reader gets an insight into his psyche, exploring themes of masculinity, emotional vulnerability and racism.",,,1,0
210544,On Beauty,Zadie Smith,"Smith, Zadie",,"=""014101945X""","=""9780141019451""",0,3.76,Penguin,Paperback,446,2006,2005,,2022/03/06,to-read,to-read (#130),to-read,,,,0,0
58447631,What Passes as Love,Trisha R. Thomas,"Thomas, Trisha R.",,"=""""","=""""",5,3.98,Lake Union Publishing,Kindle Edition,325,2021,2021,2022/03/06,2021/12/20,,,read,,,,1,0
59571699,Love on the Brain,Ali Hazelwood,"Hazelwood, Ali",,"=""""","=""""",0,3.95,Sphere,Kindle Edition,368,2022,2022,,2022/03/04,to-read,to-read (#129),to-read,,,,0,0
18770267,Make It Stick: The Science of Successful Learning,Peter C. Brown,"Brown, Peter C.","Henry L. Roediger III, Mark A. McDaniel","=""0674729013""","=""9780674729018""",0,4.16,Belknap Press: An Imprint of Harvard University Press,Hardcover,313,2014,2014,,2022/03/02,to-read,to-read (#128),to-read,,,,0,0
44654627,"One of Us Is Next (One of Us Is Lying, #2)",Karen M. McManus,"McManus, Karen M.",,"=""0525707964""","=""9780525707967""",5,3.94,Delacorte Press for Young Readers,Hardcover,377,2020,2020,2022/03/01,2022/02/25,,,read,,,,1,0
13525945,So Good They Can't Ignore You: Why Skills Trump Passion in the Quest for Work You Love,Cal Newport,"Newport, Cal",,"=""1455509108""","=""9781455509102""",0,4.08,Business Plus,ebook,288,2012,2012,,2022/03/01,to-read,to-read (#127),to-read,,,,0,0
40672036,Digital Minimalism: Choosing a Focused Life in a Noisy World,Cal Newport,"Newport, Cal",,"=""""","=""""",0,4.06,Portfolio,Kindle Edition,302,2019,2019,,2022/03/01,to-read,to-read (#126),to-read,,,,0,0
36208170,Woom,Duncan Ralston,"Ralston, Duncan",Matt Shaw,"=""""","=""""",0,3.36,Shadow Work Publishing,Kindle Edition,131,2017,2016,,2022/02/28,to-read,to-read (#125),to-read,,,,0,0
44526005,"Why Trust Science? (The University Center for Human Values Series, 1)",Naomi Oreskes,"Oreskes, Naomi","Ottmar Edenhofer, Jon Krosnick, M. Susan Lindee, Marc Lange, Martin Kowarsch, Stephen Macedo","=""069117900X""","=""9780691179001""",0,3.92,Princeton University Press,Hardcover,376,2019,2019,,2022/02/01,to-read,to-read (#124),to-read,,,,0,0
23129659,"Adult Children of Emotionally Immature Parents: How to Heal from Distant, Rejecting, or Self-Involved Parents",Lindsay C. Gibson PsyD,"PsyD, Lindsay C. Gibson",,"=""1626251703""","=""9781626251700""",0,4.41,New Harbinger Publications,Paperback,203,2015,2015,,2022/02/25,to-read,to-read (#123),to-read,,,,0,0
128029,A Thousand Splendid Suns,Khaled Hosseini,"Hosseini, Khaled",,"=""1594489505""","=""9781594489501""",0,4.42,Riverhead Books,Hardcover,372,2007,2007,,2022/02/25,to-read,to-read (#122),to-read,,,,0,0
58679358,"One of Us Is Lying (One of Us is Lying, #1)",Karen M. McManus,"McManus, Karen M.",,"=""0593565371""","=""9780593565377""",4,3.96,Delacorte Press,Hardcover,416,2021,2017,2022/02/25,2022/02/24,,,read,3.5,,,1,0
4865,How to Win Friends and Influence People,Dale Carnegie,"Carnegie, Dale",,"=""""","=""""",3,4.22,Gallery Books,Paperback,288,1998,1936,2022/02/19,2022/01/27,,,read,Some of the ideas were really great (although fairly common) to think about if you want to develop your emotional intelligence but the practical advice was a little contrived and over simplified.,,,1,0
12609433,The Power of Habit: Why We Do What We Do in Life and Business,Charles Duhigg,"Duhigg, Charles",,"=""1400069289""","=""9781400069286""",5,4.13,Random House,Hardcover,375,2012,2012,2022/02/19,2021/12/20,,,read,"4.5<br/>Very interesting read! This book provided insightful and interesting anecdotes and studies related to the science of habits, how they are formed, how we can manipulate them and how much of it is really in our control. The author also included a practical guide at the end about how to implement the ideas presented.<br/><br/>Favourite Quote:<br/>""For Aristole, habits reigned supreme. The behaviors that occur unthinkingly are the evidence of our truest selves, he said. So ""just as a piece of land has to be prepared beforehand if it is to nourish the seed, so the mind of the pupil has to be prepared in its habits if it is to enjoy and dislike the right things""",,,1,0
35524932,Stolen Tongues,Felix Blackwell,"Blackwell, Felix",,"=""""","=""""",0,3.90,,Kindle Edition,320,2017,2017,,2022/02/19,to-read,to-read (#121),to-read,,,,0,0
50531218,"The Hawthorne Legacy (The Inheritance Games, #2)",Jennifer Lynn Barnes,"Barnes, Jennifer Lynn",,"=""0241480744""","=""9780241480748""",0,4.25,Penguin,Hardcover,380,2021,2021,,2022/01/26,to-read,to-read (#120),to-read,,,,0,0
89724,We Have Always Lived in the Castle,Shirley Jackson,"Jackson, Shirley","Jonathan Lethem, Thomas Ott","=""0143039970""","=""9780143039976""",0,3.95,Penguin Books,Paperback,146,2006,1962,,2022/02/03,to-read,to-read (#119),to-read,,,,0,0
56732449,The Love Hypothesis,Ali Hazelwood,"Hazelwood, Ali",,"=""0593336828""","=""9780593336823""",4,4.20,Penguin Publishing Group,Paperback,383,2021,2021,2022/02/11,2022/02/07,,,read,,,,1,0
50705179,Numbers Don't Lie: 71 Things You Need to Know About the World,Vaclav Smil,"Smil, Vaclav",,"=""0241454417""","=""9780241454411""",0,3.84,Viking,Hardcover,384,2020,2020,,2022/01/06,to-read,to-read (#118),to-read,,,,0,0
16299,And Then There Were None,Agatha Christie,"Christie, Agatha",,"=""0312330871""","=""9780312330873""",5,4.28,St. Martin's Griffin,Paperback,264,2004,1939,2022/02/03,2022/01/26,,,read,,,,1,0
408478,Five Complete Hercule Poirot Novels: ABC Murders / Cards on the Table / Death on the Nile / Murder on the Orient Express / Thirteen at Dinner,Agatha Christie,"Christie, Agatha",,"=""0517309769""","=""9780517309766""",0,4.53,Avenel Books,Hardcover,663,1980,1980,,2022/01/27,to-read,to-read (#117),to-read,,,,0,0
212622,"Sparkling Cyanide  (Colonel Race, #4)",Agatha Christie,"Christie, Agatha",,"=""0007136854""","=""9780007136858""",0,3.92,HarperCollins,Paperback,336,2002,1944,,2022/01/27,to-read,to-read (#116),to-read,,,,0,0
52908942,How to Avoid a Climate Disaster: The Solutions We Have and the Breakthroughs We Need,Bill  Gates,"Gates, Bill",,"=""0385546130""","=""9780385546133""",4,4.14,Knopf Publishing Group,Hardcover,288,2021,2021,2022/01/26,2022/01/05,,,read,3.5<br/><br/>This book was a really good factual overview of exactly what it says; the climate change solutions we have and the breakthroughs that we need. However I could have done without the constant self appraisal in every chapter ,,,1,0
26329,Emotional Intelligence: Why It Can Matter More Than IQ,Daniel Goleman,"Goleman, Daniel",,"=""055380491X""","=""9780553804911""",0,4.04,Bantam,Hardcover,352,2006,1995,,2022/01/27,to-read,to-read (#115),to-read,,,,0,0
52439531,"The Inheritance Games (The Inheritance Games, #1)",Jennifer Lynn Barnes,"Barnes, Jennifer Lynn",,"=""1368052401""","=""9781368052405""",4,4.21,"Little, Brown Books for Young Readers",Hardcover,384,2020,2020,2022/01/26,2021/10/05,,,read,3.5,,,1,0
53441709,The New Climate War: The Fight to Take Back Our Planet,Michael E.  Mann,"Mann, Michael E.",,"=""1541758234""","=""9781541758230""",0,3.99,PublicAffairs,Hardcover,368,2021,2021,,2022/01/17,to-read,to-read (#111),to-read,,,,0,0
57693171,Olga Dies Dreaming,Xóchitl González,"González, Xóchitl",,"=""1250786177""","=""9781250786173""",0,4.00,Flatiron Books,Hardcover,369,2022,2022,,2022/01/20,to-read,to-read (#114),to-read,,,,0,0
54208009,Alone With You in the Ether,Olivie Blake,"Blake, Olivie",,"=""""","=""""",4,3.96,,Kindle Edition,248,2020,2020,2022/01/18,2022/01/03,,,read,"I loved the characters, the story and there were some really beautifully written phrases in this book! I also loved her acknowledgement at the end. The formatting and the chapters from the third person perspective weren't my favorite though.<br/><br/> Can't wait to read more from Olivie!",,,1,0
54814834,Under a White Sky: The Nature of the Future,Elizabeth Kolbert,"Kolbert, Elizabeth",,"=""0593136276""","=""9780593136270""",0,4.10,Crown,Hardcover,234,2021,2021,,2022/01/17,to-read,to-read (#113),to-read,,,,0,0
41552709,The Uninhabitable Earth: Life After Warming,David Wallace-Wells,"Wallace-Wells, David",,"=""0525576703""","=""9780525576709""",0,4.02,Tim Duggan Books,Hardcover,310,2019,2019,,2022/01/17,to-read,to-read (#112),to-read,,,,0,0
19635,Anagrams,Lorrie Moore,"Moore, Lorrie",,"=""0446672726""","=""9780446672726""",0,3.93,Warner Books (NY),Paperback,228,1997,1986,,2022/01/11,to-read,to-read (#110),to-read,,,,0,0
34272471,"Altered Traits: Science Reveals How Meditation Changes Your Mind, Brain, and Body",Daniel Goleman,"Goleman, Daniel",Richard J. Davidson,"=""0399184384""","=""9780399184383""",0,3.91,Avery,Hardcover,336,2017,2017,,2022/01/11,to-read,to-read (#109),to-read,,,,0,0
420731,Now You See Her,Linda Howard,"Howard, Linda",,"=""0743482891""","=""9780743482899""",0,4.08,Pocket Books,Paperback,362,2003,1998,,2022/01/09,to-read,to-read (#108),to-read,,,,0,0
21843050,"A Case of Spirits (A Charm of Magpies, #2.5)",K.J. Charles,"Charles, K.J.",,"=""""","=""""",0,4.01,"Samhain Publishing, Ltd.",Kindle Edition,32,2015,2015,,2022/01/09,to-read,to-read (#107),to-read,,,,0,0
34715201,"A Case of Possession (A Charm of Magpies, #2)",K.J. Charles,"Charles, K.J.",,"=""""","=""9780995799035""",0,4.19,KJC Books,ebook,211,2017,2014,,2022/01/09,to-read,to-read (#106),to-read,,,,0,0
57145833,My Body,Emily Ratajkowski,"Ratajkowski, Emily",,"=""1250817862""","=""9781250817860""",0,4.06,Metropolitan Books,Hardcover,239,2021,2021,,2022/01/09,to-read,to-read (#105),to-read,,,,0,0
45152372,How to Stop Time,Matt Haig,"Haig, Matt",,"=""0525522891""","=""9780525522898""",0,3.84,Penguin Books,Paperback,325,2019,2017,,2022/01/09,to-read,to-read (#104),to-read,,,,0,0
54621094,The Last House on Needless Street,Catriona Ward,"Ward, Catriona",,"=""1788166167""","=""9781788166164""",0,3.87,Viper,Hardcover,335,2021,2021,,2022/01/07,to-read,to-read (#103),to-read,,,,0,0
1999475,A Million Miles in a Thousand Years: What I Learned While Editing My Life,Donald Miller,"Miller, Donald",,"=""0785213066""","=""9780785213062""",5,4.13,Thomas Nelson,Hardcover,255,2009,2009,2022/01/07,2021/12/21,,,read,4.5<br/><br/>I read this bit by bit every morning to start the new year off on a positive note. I loved the little tidbits about what goes into making movies enjoyable and the parallels made to real life. The end was a bit repetitive though.,,,1,0
55404546,Malibu Rising,Taylor Jenkins Reid,"Reid, Taylor Jenkins",,"=""""","=""""",4,4.06,Ballantine Books,Hardcover,369,2021,2021,2022/01/03,2021/12/09,,,read,,,,1,0
52689637,"Demon Slayer, Vol. 2",Koyoharu Gotouge,"Gotouge, Koyoharu",Antonio Valdez,"=""""","=""9786076347058""",5,4.47,Panini México,Paperback,204,2020,2016,2022/01/01,2021/12/31,,,read,,,,1,0
32708007,鬼滅の刃 1 [Kimetsu no Yaiba 1],Koyoharu Gotouge,"Gotouge, Koyoharu",吾峠呼世晴,"=""""","=""""",5,4.52,集英社 [Shūeisha],Kindle Edition,197,2016,2016,,2021/12/31,,,read,,,,1,0
54867747,"Demon Slayer, Vol. 3",Koyoharu Gotouge,"Gotouge, Koyoharu",Antonio Valdez,"=""""","=""9786076348475""",5,4.48,Panini Mexico,Paperback,190,2020,2016,2022/01/01,2022/01/01,,,read,,,,1,0
55173459,"Demon Slayer, Vol. 5",Koyoharu Gotouge,"Gotouge, Koyoharu",Antonio Valdez,"=""""","=""9786076348499""",0,4.58,Panini Mexico,Paperback,200,2020,2017,,2022/01/01,to-read,to-read (#102),to-read,,,,0,0
40680067,"Demon Slayer: Kimetsu no Yaiba, Vol. 4",Koyoharu Gotouge,"Gotouge, Koyoharu",,"=""1974700550""","=""9781974700554""",0,4.53,VIZ Media LLC,Paperback,192,2019,2016,,2022/01/01,to-read,to-read (#101),to-read,,,,0,0
36538793,"Demon Slayer: Kimetsu no Yaiba, Vol. 1",Koyoharu Gotouge,"Gotouge, Koyoharu",,"=""1974700526""","=""9781974700523""",5,4.52,VIZ Media LLC,Paperback,192,2018,2016,2021/12/31,2021/12/20,,,read,My only regret is that I didn't start reading this series sooner!,,,1,0
43568394,"The Guinevere Deception (Camelot Rising, #1)",Kiersten White,"White, Kiersten",,"=""0525581685""","=""9780525581680""",2,3.77,Delacorte Press,Library Binding,352,2019,2019,2021/12/31,2021/12/27,,,read,,,,1,0
211461,The Amazing Spider-Man: Civil War,J. Michael Straczynski,"Straczynski, J. Michael","Stan Lee, Ron Garney","=""0785122370""","=""9780785122371""",4,4.22,Marvel Enterprises,Paperback,168,2007,2007,,2021/12/27,,,read,,,,1,0
30284427,Morbius: The Living Vampire #1,Joseph Keatinge,"Keatinge, Joseph",Richard Elson,"=""""","=""""",0,3.63,Marvel,Kindle Edition,24,2013,2013,,2021/12/27,to-read,to-read (#100),to-read,,,,0,0
18890714,"The Superior Spider-Man, Vol. 1: My Own Worst Enemy",Dan Slott,"Slott, Dan","Ryan Stegman, Giuseppe Camuncoli","=""""","=""""",5,4.22,Marvel,Kindle Edition,113,2013,2013,2021/12/27,2021/12/27,,,read,,,,1,0
17061,Coraline,Neil Gaiman,"Gaiman, Neil",Dave McKean,"=""0061139378""","=""9780061139376""",0,4.10,William Morrow Paperbacks,Paperback,176,2006,2002,,2019/03/09,,,read,,,,1,0
6334,Never Let Me Go,Kazuo Ishiguro,"Ishiguro, Kazuo",,"=""""","=""""",0,3.84,Vintage Books ,Paperback,288,2010,2005,,2021/12/25,to-read,to-read (#99),to-read,,,,0,0
28921,The Remains of the Day,Kazuo Ishiguro,"Ishiguro, Kazuo",,"=""""","=""""",0,4.14,Faber & Faber,Paperback,258,2005,1989,,2021/12/25,to-read,to-read (#98),to-read,,,,0,0
54120408,Klara and the Sun,Kazuo Ishiguro,"Ishiguro, Kazuo",,"=""059331817X""","=""9780593318171""",5,3.76,Alfred A. Knopf,Hardcover,303,2021,2021,2021/12/25,2021/12/20,,,read,,,,1,0
40381392,"Finale (Caraval, #3)",Stephanie Garber,"Garber, Stephanie",,"=""1250157668""","=""9781250157669""",4,4.20,Flatiron Books,Hardcover,478,2019,2019,2021/12/22,2021/12/11,,,read,4.5,,,1,0
25744928,Deep Work: Rules for Focused Success in a Distracted World,Cal Newport,"Newport, Cal",,"=""1455586692""","=""9781455586691""",4,4.19,Grand Central Publishing,Hardcover,296,2016,2016,2021/07/21,2021/07/16,,,read,,,,1,0
1052,The Richest Man in Babylon,George S. Clason,"Clason, George S.",,"=""0451205367""","=""9780451205360""",0,4.25,Berkley Books,Paperback,194,2002,1926,,2021/12/21,to-read,to-read (#97),to-read,,,,0,0
13260184,The 4 Disciplines of Execution: Achieving Your Wildly Important Goals,Chris McChesney,"McChesney, Chris","Sean Covey, Jim Huling","=""145162705X""","=""9781451627053""",0,4.08,Free Press,Hardcover,296,2012,2011,,2021/12/21,to-read,to-read (#96),to-read,,,,0,0
11574,The Body,Robin Waterfield,"Waterfield, Robin",Stephen King,"=""0582418178""","=""9780582418172""",0,4.29,Penguin Books,Paperback,80,1999,1982,,2021/12/20,to-read,to-read (#95),to-read,,,,0,0
17788401,Ugly Love,Colleen Hoover,"Hoover, Colleen",,"=""""","=""""",0,4.12,Atria Books,Kindle Edition,333,2014,2014,,2021/12/20,to-read,to-read (#94),to-read,,,,0,0
10956,The Virgin Suicides,Jeffrey Eugenides,"Eugenides, Jeffrey",,"=""0747560595""","=""9780747560593""",0,3.82,Bloomsbury Pub Ltd,Paperback,250,2002,1993,,2021/12/20,to-read,to-read (#93),to-read,,,,0,0
9460487,"Miss Peregrine's Home for Peculiar Children (Miss Peregrine's Peculiar Children, #1)",Ransom Riggs,"Riggs, Ransom",,"=""""","=""""",0,3.92,Quirk,Hardcover,352,2011,2011,,2021/12/20,to-read,to-read (#92),to-read,,,,0,0
50395705,"Dune: The Graphic Novel, Book 1",Brian Herbert,"Herbert, Brian","Kevin J. Anderson, Frank Herbert, Raul Allen, Patricia Martín, Bill Sienkiewicz","=""1419731505""","=""9781419731501""",0,3.96,Harry N. Abrams,Hardcover,176,2020,2020,,2021/12/20,to-read,to-read (#91),to-read,,,,0,0
6465707,The Walking Dead: Compendium One,Robert Kirkman,"Kirkman, Robert",,"=""1607060760""","=""9781607060765""",0,4.44,Image Comics,Paperback,1088,2009,2009,,2021/12/20,to-read,to-read (#90),to-read,,,,0,0
138398,"The Walking Dead, Vol. 1: Days Gone Bye",Robert Kirkman,"Kirkman, Robert",Tony Moore,"=""1582406723""","=""9781582406725""",0,4.27,Image Comics,Paperback,144,2013,2004,,2021/12/20,to-read,to-read (#89),to-read,,,,0,0
31579916,Fierce Conversations: Achieving Success at Work and in Life One Conversation at a Time,Susan Scott,"Scott, Susan",,"=""""","=""""",0,4.01,New American Library,Paperback,336,2017,2002,,2021/12/20,to-read,to-read (#88),to-read,,,,0,0
1103544,Parasyte 1,Hitoshi Iwaaki,"Iwaaki, Hitoshi",Andrew   Cunningham,"=""0345496248""","=""9780345496249""",0,4.29,Del Rey,Paperback,288,2007,1990,,2021/12/20,to-read,to-read (#87),to-read,,,,0,0
29015,Cruddy,Lynda Barry,"Barry, Lynda",,"=""068483846X""","=""9780684838465""",0,4.15,Simon  Schuster,Paperback,305,2000,1999,,2021/12/19,to-read,to-read (#86),to-read,,,,0,0
22914,The Annotated Brothers Grimm,Jacob Grimm,"Grimm, Jacob","Wilhelm Grimm, Maria Tatar, A.S. Byatt, George Cruikshank, Paul Hey, Walter Crane, Warwick Goble, Kay Nielsen, Arthur Rackham","=""0393058484""","=""9780393058482""",0,4.45,W. W. Norton & Company,Hardcover,462,2004,2004,,2021/12/19,to-read,to-read (#85),to-read,,,,0,0
44767458,"Dune (Dune, #1)",Frank Herbert,"Herbert, Frank",,"=""059309932X""","=""9780593099322""",0,4.26,Ace,Hardcover,658,2019,1965,,2021/12/19,to-read,to-read (#84),to-read,,,,0,0
22284,Diary,Chuck Palahniuk,"Palahniuk, Chuck",,"=""1400032814""","=""9781400032815""",0,3.64,Anchor,Paperback,262,2004,2003,,2021/12/19,to-read,to-read (#83),to-read,,,,0,0
56852407,Billy Summers,Stephen King,"King, Stephen",,"=""1982173610""","=""9781982173616""",0,4.22,Scribner,Hardcover,515,2021,2021,,2021/10/26,to-read,to-read (#82),to-read,,,,0,0
44157727,Great Goddesses: Life Lessons from Myths and Monsters,Nikita Gill,"Gill, Nikita",,"=""1529104645""","=""9781529104646""",4,4.18,Ebury Press,Hardcover,248,2019,2019,2021/12/17,2021/11/10,,,read,,,,1,0
36329818,"Legendary (Caraval, #2)",Stephanie Garber,"Garber, Stephanie",,"=""125009531X""","=""9781250095312""",5,4.21,Flatiron Books,Hardcover,451,2018,2018,2021/12/17,2021/12/11,,,read,,,,1,0
17837762,Uzumaki,Junji Ito,"Ito, Junji",,"=""1421561328""","=""9781421561325""",4,4.44,VIZ Media,Hardcover,653,2013,2000,2021/12/12,2021/12/11,,,read,,,,2,0
27883214,"Caraval (Caraval, #1)",Stephanie Garber,"Garber, Stephanie",,"=""1250095255""","=""9781250095251""",5,4.00,Flatiron Books,Hardcover,407,2017,2016,2021/12/11,2021/12/07,,,read,,,,1,0
31776292,Frankenstein,Junji Ito,"Ito, Junji",,"=""8416746915""","=""9788416746910""",0,3.99,ECC,Paperback,192,2016,1999,,2021/12/11,to-read,to-read (#81),to-read,,,,0,0
40816622,Smashed: Junji Ito Story Collection,Junji Ito,"Ito, Junji",,"=""1421598469""","=""9781421598468""",0,4.14,VIZ Media LLC,Hardcover,416,2019,,,2021/12/11,to-read,to-read (#80),to-read,,,,0,0
54663469,Avatar: The Last Airbender: Toph Beifong's Metalbending Academy (Avatar: The Last Airbender),Faith Erin Hicks,"Hicks, Faith Erin","Peter Wartman, Adele Matera","=""1506717128""","=""9781506717128""",0,4.10,Dark Horse Books,Paperback,80,2021,2021,,2021/12/11,to-read,to-read (#79),to-read,,,,0,0
57282218,"Lore Olympus: Volume One (Lore Olympus, #1)",Rachel  Smythe,"Smythe, Rachel",,"=""0593160290""","=""9780593160299""",0,4.32,Del Rey,Hardcover,384,2021,2021,,2021/12/11,to-read,to-read (#78),to-read,,,,0,0
53138095,"A ​Court of Silver Flames (A Court of Thorns and Roses, #4)",Sarah J. Maas,"Maas, Sarah J.",,"=""168119628X""","=""9781681196282""",0,4.44,Bloomsbury Publishing,Hardcover,757,2021,2021,,2021/12/11,to-read,to-read (#77),to-read,,,,0,0
56030267,"The Keeper of Night (The Keeper of Night, #1)",Kylie Lee Baker,"Baker, Kylie Lee",,"=""1335405666""","=""9781335405661""",0,3.65,Inkyard Press,Hardcover,393,2021,2021,,2021/12/09,to-read,to-read (#76),to-read,,,,0,0
58619362,Sensor,Junji Ito,"Ito, Junji",,"=""""","=""""",5,3.59,VIZ Media: VIZ Signature,Kindle Edition,240,2021,2019,2021/12/10,2021/12/10,,,read,,,,1,0
53287484,"Midnight Sun (The Twilight Saga, #5)",Stephenie Meyer,"Meyer, Stephenie",,"=""031670704X""","=""9780316707046""",2,3.73,"Little, Brown Books for Young Readers",Hardcover,658,2020,2020,2021/12/10,2021/12/07,,,read,DNF.... the first couple chapters were so good for the twilight nostalgia but Edwards's inner monologue was absolutely insufferable.,,,1,0
54110592,How Do You Live?,Genzaburo Yoshino,"Yoshino, Genzaburo","Neil Gaiman, Bruno Navasky","=""1616209771""","=""9781616209773""",0,4.03,Algonquin Young Readers,Hardcover,288,2021,1937,,2021/12/09,to-read,to-read (#75),to-read,,,,0,0
56179382,Comfort Me with Apples,Catherynne M. Valente,"Valente, Catherynne M.",,"=""1250816211""","=""9781250816214""",4,3.60,Tordotcom,Hardcover,103,2021,2021,,2021/12/07,,,read,,,,1,0
56614597,"Gilded (Gilded, #1)",Marissa Meyer,"Meyer, Marissa",,"=""1250618843""","=""9781250618849""",0,3.91,Feiwel and Friends,Hardcover,502,2021,2021,,2021/12/07,to-read,to-read (#74),to-read,,,,0,0
44279110,My Year of Rest and Relaxation,Ottessa Moshfegh,"Moshfegh, Ottessa",,"=""0525522131""","=""9780525522133""",3,3.68,Penguin Books,Paperback,289,2019,2018,2021/12/07,2021/12/04,,,read,,,,1,0
50520939,"The Atlas Six (The Atlas, #1)",Olivie Blake,"Blake, Olivie",,"=""""","=""""",5,3.68,,Kindle Edition,556,2020,2020,2021/12/06,2021/10/05,,,read,,,,1,0
18693771,"The Body Keeps the Score: Brain, Mind, and Body in the Healing of Trauma",Bessel van der Kolk,"Kolk, Bessel van der",,"=""0670785938""","=""9780670785933""",0,4.44,Viking,Hardcover,464,2014,2014,2021/12/06,2021/07/14,,,read,,,,1,0
22221460,Overcoming Social Anxiety: Step by Step,Thomas A. Richards,"Richards, Thomas A.","Justin R. Bashore, Zach D. Brown","=""1497584566""","=""9781497584563""",0,4.27,Createspace Independent Publishing Platform,Paperback,306,2014,2014,,2021/11/13,to-read,to-read (#73),to-read,,,,0,0
17245,Dracula,Bram Stoker,"Stoker, Bram","Rubén Toledo, Nina Auerbach, David J. Skal","=""0393970124""","=""9780393970128""",3,4.01,Norton,Paperback,488,1986,1897,2021/11/09,2021/08/20,,,read,,,,1,0
15729539,NOS4A2,Joe Hill,"Hill, Joe",,"=""0062200577""","=""9780062200570""",3,4.08,William Morrow,Hardcover,692,2013,2013,2021/11/09,2021/10/06,,,read,,,,1,0
58254061,Elektra,Jennifer Saint,"Saint, Jennifer",,"=""1472273915""","=""9781472273918""",0,3.72,Wildfire,Hardcover,341,2022,2022,,2021/10/27,to-read,to-read (#72),to-read,,,,0,0
54860614,Ariadne,Jennifer Saint,"Saint, Jennifer",,"=""125077358X""","=""9781250773586""",0,3.82,Flatiron Books,Hardcover,320,2021,2021,,2021/10/27,to-read,to-read (#71),to-read,,,,0,0
43615,"The Gunslinger (The Dark Tower, #1)",Stephen King,"King, Stephen",,"=""""","=""""",0,3.93,Plume,Paperback,231,2003,1982,,2021/10/26,to-read,to-read (#70),to-read,,,,0,0
11570,Dreamcatcher,Stephen King,"King, Stephen",,"=""2226131906""","=""9782226131904""",0,3.65,,Paperback,688,2002,2001,,2021/10/26,to-read,to-read (#69),to-read,,,,0,0
848441,Carrie / The Tommyknockers,stephen-king,"stephen-king, stephen-king",,"=""0340623357""","=""9780340623350""",0,4.20,Hodder and Stoughton,Hardcover,785,1994,1988,,2021/10/26,to-read,to-read (#68),to-read,,,,0,0
6604712,Eating Animals,Jonathan Safran Foer,"Foer, Jonathan Safran",,"=""0316069906""","=""9780316069908""",0,4.21,"Little, Brown and Company",Hardcover,341,2009,2009,,2021/10/22,to-read,to-read (#67),to-read,,,,0,0
59013835,Mortals: How the Fear of Death Shaped Human Society,Rachel E. Menzies,"Menzies, Rachel E.",Ross G. Menzies,"=""""","=""""",0,4.02,Allen & Unwin,Kindle Edition,,2021,2021,,2021/10/17,to-read,to-read (#66),to-read,,,,0,0
10614,Misery,Stephen King,"King, Stephen",,"=""0450417395""","=""9780450417399""",5,4.21,New English Library,Paperback,370,1988,1987,2021/10/15,2021/10/12,,,read,,,,1,0
31409135,The Radium Girls: The Dark Story of America’s Shining Women,Kate  Moore,"Moore, Kate",,"=""149264935X""","=""9781492649359""",0,4.15,Sourcebooks,Hardcover,479,2017,2017,,2021/10/13,to-read,to-read (#65),to-read,,,,0,0
12232938,The Lovely Bones,Alice Sebold,"Sebold, Alice",,"=""0316166685""","=""9780316166683""",4,3.85,"Little, Brown and Company",Mass Market Paperback,372,2006,2002,2021/10/12,2021/07/25,,,read,,,,1,0
56304423,White Smoke,Tiffany D. Jackson,"Jackson, Tiffany D.",,"=""006302909X""","=""9780063029095""",0,3.85,Katherine Tegen Books,Hardcover,373,2021,2021,,2021/10/05,to-read,to-read (#64),to-read,,,,0,0
52275335,How to Avoid a Climate Disaster: The Solutions We Have and the Breakthroughs We Need,Bill  Gates,"Gates, Bill",,"=""0241448301""","=""9780241448304""",0,4.14,Allen Lane,Hardcover,272,2021,2021,,2021/10/04,to-read,to-read (#63),to-read,,,,0,0
56554628,Bad Fat Black Girl: Notes from a Trap Feminist,Sesali Bowen,"Bowen, Sesali",,"=""0063028700""","=""9780063028708""",0,4.48,Amistad,Hardcover,272,2021,2021,,2021/10/04,to-read,to-read (#62),to-read,,,,0,0
25953369,Hidden Figures,Margot Lee Shetterly,"Shetterly, Margot Lee",,"=""""","=""""",0,3.97,William Morrow Paperbacks,Paperback,349,2016,2016,,2021/10/03,to-read,to-read (#61),to-read,,,,0,0
89723,The Lottery and Other Stories,Shirley Jackson,"Jackson, Shirley",A.M. Homes,"=""0374529531""","=""9780374529536""",0,4.04,"Farrar, Straus and Giroux",Paperback,302,2005,1949,,2021/10/03,to-read,to-read (#60),to-read,,,,0,0
89717,The Haunting of Hill House,Shirley Jackson,"Jackson, Shirley",,"=""0143039989""","=""9780143039983""",0,3.82,Penguin Classics,Paperback,182,2006,1959,,2021/10/03,to-read,to-read (#59),to-read,,,,0,0
22609341,Come as You Are: The Surprising New Science that Will Transform Your Sex Life,Emily Nagoski,"Nagoski, Emily",,"=""1476762090""","=""9781476762098""",0,4.30,Simon & Schuster,Paperback,400,2015,2015,,2021/10/01,to-read,to-read (#58),to-read,,,,0,0
40605223,I'm Thinking of Ending Things,Iain Reid,"Reid, Iain",,"=""""","=""""",4,3.58,Gallery/Scout Press,Kindle Edition,241,2016,2016,2021/09/28,2021/08/31,,,read,,,,1,0
32620332,The Seven Husbands of Evelyn Hugo,Taylor Jenkins Reid,"Reid, Taylor Jenkins",,"=""1501139231""","=""9781501139239""",4,4.45,Atria Books,Hardcover,389,2017,2017,2021/09/24,2021/07/14,,,read,,,,1,0
20995,The Art of Seduction,Robert Greene,"Greene, Robert","Мариана Мелнишка, Робърт Грийн","=""1861977697""","=""9781861977694""",0,3.99,Penguin,Paperback,466,2001,2001,,2021/09/23,to-read,to-read (#57),to-read,,,,0,0
56769614,Poison for Breakfast,Lemony Snicket,"Snicket, Lemony",,"=""1324090626""","=""9781324090625""",0,3.87,Liveright,Hardcover,158,2021,2021,,2021/09/23,to-read,to-read (#56),to-read,,,,0,0
40796117,Diary Of A Murderer: And Other Stories,Kim Young-ha,"Young-ha, Kim",Krys Lee,"=""1328545423""","=""9781328545428""",0,3.75,Mariner Books,Paperback,208,2019,2019,,2021/09/21,to-read,to-read (#55),to-read,,,,0,0
16096824,"A Court of Thorns and Roses (A Court of Thorns and Roses, #1)",Sarah J. Maas,"Maas, Sarah J.",,"=""1619634449""","=""9781619634442""",0,4.20,Bloomsbury USA Childrens,Hardcover,432,2015,2015,,2021/09/20,to-read,to-read (#54),to-read,,,,0,0
117564,The Trouble With Being Born,Emil M. Cioran,"Cioran, Emil M.",Richard Howard,"=""""","=""""",0,4.12,Arcade Publishing,Paperback,224,1998,1973,,2021/09/16,to-read,to-read (#53),to-read,,,,0,0
21966739,"Wizards: The Myths, Legends, and Lore",Aubrey Sherman,"Sherman, Aubrey",,"=""1440582882""","=""9781440582882""",0,3.33,Adams Media,Hardcover,224,2014,2014,,2021/09/01,to-read,to-read (#52),to-read,,,,0,0
199519,The Tibetan Yogas Of Dream And Sleep,Tènzin Wangyal Rinpoché,"Rinpoché, Tènzin Wangyal",Mark Dahlby,"=""1559391014""","=""9781559391016""",0,4.23,Snow Lion,Paperback,224,1998,1998,,2021/09/01,to-read,to-read (#51),to-read,,,,0,0
8921,"The Hound of the Baskervilles (Sherlock Holmes, #5)",Arthur Conan Doyle,"Doyle, Arthur Conan","Anne Perry, Lígia Junqueira, Mark Hallaq","=""""","=""""",0,4.13,Signet,Mass Market Paperback,256,2001,1901,,2021/08/20,to-read,to-read (#50),to-read,,,,0,0
34728925,"The Strange Case of the Alchemist's Daughter (The Extraordinary Adventures of the Athena Club, #1)",Theodora Goss,"Goss, Theodora",,"=""1534409637""","=""9781534409637""",0,3.82,Saga Press,Paperback,402,2017,2017,,2021/08/20,to-read,to-read (#49),to-read,,,,0,0
67238,Dead Poets Society,N.H. Kleinbaum,"Kleinbaum, N.H.",Tom Schulman,"=""0553282980""","=""9780553282986""",0,4.19,Starfire,Paperback,166,1998,1988,,2021/08/20,to-read,to-read (#48),to-read,,,,0,0
853510,"Murder on the Orient Express (Hercule Poirot, #10)",Agatha Christie,"Christie, Agatha",,"=""0007119313""","=""9780007119318""",0,4.20,HarperCollins,Paperback,274,2007,1934,,2021/08/20,to-read,to-read (#47),to-read,,,,0,0
51496,Dr. Jekyll and Mr. Hyde,Robert Louis Stevenson,"Stevenson, Robert Louis","Vladimir Nabokov, Dan Chaon, Jerome Charyn, Simon Vestdijk","=""0451528956""","=""9780451528957""",0,3.83,Signet Classic,Mass Market Paperback,139,2003,1886,,2021/08/20,to-read,to-read (#46),to-read,,,,0,0
35031085,Frankenstein: The 1818 Text,Mary Wollstonecraft Shelley,"Shelley, Mary Wollstonecraft",Charlotte Gordon,"=""""","=""""",0,3.85,Penguin Classics,Paperback,260,2018,1818,,2021/08/20,to-read,to-read (#45),to-read,,,,0,0
36586697,Queenie,Candice Carty-Williams,"Carty-Williams, Candice",,"=""""","=""""",0,3.87,Orion Publishing,Hardcover,330,2019,2019,,2021/08/19,to-read,to-read (#44),to-read,,,,0,0
50892338,"Legendborn (Legendborn, #1)",Tracy Deonn,"Deonn, Tracy",,"=""1534441603""","=""9781534441606""",4,4.40,Margaret K. McElderry Books,Hardcover,501,2020,2020,2021/08/15,2021/08/12,,,read,4.5 ,,,1,0
13623848,The Song of Achilles,Madeline Miller,"Miller, Madeline",,"=""""","=""""",0,4.36,Ecco,Paperback,408,2012,2011,,2021/08/15,to-read,to-read (#43),to-read,,,,0,0
31196,The Razor's Edge,W. Somerset Maugham,"Maugham, W. Somerset",,"=""1400034205""","=""9781400034208""",0,4.19,Vintage International,Paperback,314,2003,1944,,2021/08/14,to-read,to-read (#42),to-read,,,,0,0
25733573,Reasons to Stay Alive,Matt Haig,"Haig, Matt",,"=""0143128728""","=""9780143128724""",0,4.09,Penguin Life,Paperback,256,2016,2015,,2021/08/13,to-read,to-read (#41),to-read,,,,0,0
136251,"Harry Potter and the Deathly Hallows (Harry Potter, #7)",J.K. Rowling,"Rowling, J.K.",,"=""""","=""""",5,4.62,Arthur A. Levine Books,Hardcover,759,2007,2007,2021/08/12,2021/08/11,,,read,,,,1,0
1,"Harry Potter and the Half-Blood Prince (Harry Potter, #6)",J.K. Rowling,"Rowling, J.K.",,"=""""","=""""",5,4.58,Scholastic Inc.,Paperback,652,2006,2005,2021/08/11,2021/08/10,,,read,,,,1,0
6413788,Last Night I Sang to the Monster,Benjamin Alire Sáenz,"Sáenz, Benjamin Alire",Benjamin  Alire Saénz,"=""1933693584""","=""9781933693583""",0,4.24,Cinco Puntos Press,Hardcover,239,2009,2009,,2021/08/11,to-read,to-read (#40),to-read,,,,0,0
2,"Harry Potter and the Order of the Phoenix (Harry Potter, #5)",J.K. Rowling,"Rowling, J.K.",Mary GrandPré,"=""""","=""""",4,4.50,Scholastic Inc.,Paperback,912,2004,2003,2021/08/10,2021/08/08,,,read,,,,1,0
42603984,Ace of Spades,Faridah Àbíké-Íyímídé,"Àbíké-Íyímídé, Faridah",,"=""1474967531""","=""9781474967532""",0,4.21,Usborne ,Paperback,470,2021,2021,,2021/08/10,to-read,to-read (#39),to-read,,,,0,0
55797605,Sweethand (Island Bites #1),N.G. Peltier,"Peltier, N.G.",,"=""0349429758""","=""9798682846733""",0,3.53,Piatkus,Paperback,368,2021,2021,,2021/08/10,to-read,to-read (#38),to-read,,,,0,0
6,"Harry Potter and the Goblet of Fire (Harry Potter, #4)",J.K. Rowling,"Rowling, J.K.","Mary GrandPré, Jim Kay","=""""","=""""",5,4.56,Scholastic,Paperback,734,2002,2000,2021/08/08,2021/08/06,,,read,,,,1,0
5,"Harry Potter and the Prisoner of Azkaban (Harry Potter, #3)",J.K. Rowling,"Rowling, J.K.",Mary GrandPré,"=""043965548X""","=""9780439655484""",5,4.58,Scholastic Inc.,Mass Market Paperback,435,2004,1999,2021/08/06,2021/08/05,,,read,,,,1,0
15881,"Harry Potter and the Chamber of Secrets (Harry Potter, #2)",J.K. Rowling,"Rowling, J.K.",Mary GrandPré,"=""""","=""""",5,4.43,Arthur A. Levine Books,Hardcover,341,1999,1998,2021/08/05,2021/08/02,,,read,,,,1,0
3,"Harry Potter and the Sorcerer's Stone (Harry Potter, #1)",J.K. Rowling,"Rowling, J.K.",,"=""""","=""""",5,4.47,Scholastic Inc,Hardcover,309,2003,1997,2021/08/02,2019/03/09,,,read,,,,1,0
39085455,The Taking of Jake Livingston,Ryan Douglass,"Douglass, Ryan",,"=""198481253X""","=""9781984812537""",0,3.46,Putnam,Hardcover,246,2021,2021,,2021/07/30,to-read,to-read (#37),to-read,,,,0,0
55648820,Seven Days in June,Tia Williams,"Williams, Tia",,"=""""","=""""",5,4.06,Grand Central Publishing,Hardcover,336,2021,2021,2021/07/30,2021/07/19,,,read,,,,1,0
923950,The Highly Sensitive Person: How to Thrive When the World Overwhelms You,Elaine N. Aron,"Aron, Elaine N.",,"=""0553062182""","=""9780553062182""",0,3.86,Harmony,Paperback,251,1997,1997,,2021/07/27,to-read,to-read (#36),to-read,,,,0,0
55628986,Unwinding Anxiety: New Science Shows How to Break the Cycles of Worry and Fear to Heal Your Mind,Judson Brewer,"Brewer, Judson",,"=""0593330447""","=""9780593330449""",0,3.93,Avery,Hardcover,287,2021,2021,,2021/07/27,to-read,to-read (#35),to-read,,,,0,0
241823,Women Who Run With the Wolves,Clarissa Pinkola Estés,"Estés, Clarissa Pinkola",,"=""0345409876""","=""9780345409874""",5,4.13,Ballantine Books,Paperback,537,1995,1992,2021/07/26,2019/03/15,,,read,,,,1,0
56186509,Pleasantview,Celeste Mohammed,"Mohammed, Celeste",,"=""1632462028""","=""9781632462022""",0,4.30, Ig Publishing,Paperback,240,2021,2021,,2021/07/25,to-read,to-read (#34),to-read,,,,0,0
74720,The Beatrice Letters (A Series of Unfortunate Events),Lemony Snicket,"Snicket, Lemony",Brett Helquist,"=""0060586583""","=""9780060586584""",3,3.77,HarperCollins,Hardcover,72,2006,2006,,2021/07/25,,,read,,,,1,0
65112,"The End (A Series of Unfortunate Events, #13)",Lemony Snicket,"Snicket, Lemony",,"=""0064410161""","=""9780064410168""",4,4.03,HarperCollins Publishers,Hardcover,357,2006,2006,,2021/07/25,,,read,,,,1,0
65110,"The Penultimate Peril (A Series of Unfortunate Events, #12)",Lemony Snicket,"Snicket, Lemony",Brett Helquist,"=""0064410153""","=""9780064410151""",4,4.07,HarperCollins Publishers,Hardcover,353,2005,2005,,2021/07/25,,,read,,,,1,0
65111,"The Grim Grotto (A Series of Unfortunate Events, #11)",Lemony Snicket,"Snicket, Lemony",Brett Helquist,"=""0064410145""","=""9780064410144""",4,4.02,HarperCollins Publishers,Hardcover,323,2004,2004,,2021/07/25,,,read,,,,1,0
150037,"The Vile Village (A Series of Unfortunate Events, #7)",Lemony Snicket,"Snicket, Lemony",Brett Helquist,"=""0060566221""","=""9780060566227""",4,3.97,HarperCollins Publishers ,Hardcover,272,2001,2001,,2021/07/25,,,read,,,,1,0
65118,"The Hostile Hospital (A Series of Unfortunate Events, #8)",Lemony Snicket,"Snicket, Lemony",Brett Helquist,"=""1405206128""","=""9781405206129""",4,3.99,Egmont,Hardcover,272,2003,2001,,2021/07/25,,,read,,,,1,0
78418,"The Reptile Room (A Series of Unfortunate Events, #2)",Lemony Snicket,"Snicket, Lemony",Brett Helquist,"=""""","=""""",4,4.00,"Scholastic, Inc.",Paperback,192,1999,1999,,2021/07/25,,,read,,,,1,0
172327,"The Ersatz Elevator (A Series of Unfortunate Events, #6)",Lemony Snicket,"Snicket, Lemony",Tim Curry,"=""0060566213""","=""9780060566210""",4,4.05,HarperCollins Publishers ,Hardcover,259,2001,2001,,2021/07/25,,,read,,,,1,0
65119,"The Miserable Mill (A Series of Unfortunate Events, #4)",Lemony Snicket,"Snicket, Lemony",Brett Helquist,"=""0439272637""","=""9780439272636""",4,3.86,"Scholastic, Inc.",Paperback,194,2000,2000,,2021/07/25,,,read,,,,1,0
438492,"The Wide Window (A Series of Unfortunate Events, #3)",Lemony Snicket,"Snicket, Lemony",Brett Helquist,"=""0064407683""","=""9780064407687""",4,3.95,HarperCollins Publishers,Hardcover,214,2000,2000,,2021/07/25,,,read,,,,1,0
297792,"The Slippery Slope (A Series of Unfortunate Events, #10)",Lemony Snicket,"Snicket, Lemony",Brett Helquist,"=""0064410137""","=""9780064410137""",4,4.04,HarperCollins Publishers,Hardcover,337,2003,2003,,2021/07/25,,,read,,,,1,0
324277,"The Carnivorous Carnival (A Series of Unfortunate Events, #9)",Lemony Snicket,"Snicket, Lemony","Brett Helquist, Michael Kupperman","=""0064410129""","=""9780064410120""",4,4.00,HarperCollins Publishers,Hardcover,286,2002,2002,,2021/07/25,,,read,,,,1,0
131123,"The Austere Academy (A Series of Unfortunate Events, #5)",Lemony Snicket,"Snicket, Lemony","Brett Helquist, Michael Kupperman","=""0064408639""","=""9780064408639""",4,4.00,HarperCollins,Hardcover,221,2000,2000,,2021/07/25,,,read,,,,1,0
78411,"The Bad Beginning (A Series of Unfortunate Events, #1)",Lemony Snicket,"Snicket, Lemony",Brett Helquist,"=""0439206472""","=""9780439206471""",4,3.99,"Scholastic, Inc.",Paperback,176,1999,1999,,2021/07/25,,,read,,,,1,0
18247597,"The Tower of the Swallow (The Witcher, #4)",Andrzej Sapkowski,"Sapkowski, Andrzej",David French,"=""1473211565""","=""9781473211568""",0,4.23,Gollancz,Paperback,448,2016,1997,,2021/07/23,to-read,to-read (#33),to-read,,,,0,0
33124137,Pet Sematary,Stephen King,"King, Stephen",,"=""""","=""""",0,4.05,Scribner,Kindle Edition,580,2014,1983,,2021/07/24,to-read,to-read (#32),to-read,,,,0,0
49976087,"Take a Hint, Dani Brown (The Brown Sisters, #2)",Talia Hibbert,"Hibbert, Talia",,"=""0062941259""","=""9780062941251""",4,4.04,Avon,ebook,400,2020,2020,2021/07/23,2021/07/16,,,read,,,,1,0
55829194,The Final Girl Support Group,Grady Hendrix,"Hendrix, Grady",,"=""059320123X""","=""9780593201237""",0,3.54,Berkley,Hardcover,342,2021,2021,,2021/07/22,to-read,to-read (#31),to-read,,,,0,0
55290201,What Girls Do in the Dark,Rosie Garland,"Garland, Rosie",,"=""1913437051""","=""9781913437053""",0,3.82,Nine Arches Press,Paperback,80,2020,2020,,2021/07/22,to-read,to-read (#30),to-read,,,,0,0
112204,The Complete Poems of Emily Dickinson,Emily Dickinson,"Dickinson, Emily","Thomas H. Johnson, Mabel Loomis Todd, Thomas Wentworth Higgins","=""""","=""""",0,4.26,"Little, Brown and Company",Paperback,716,1976,1890,,2021/07/22,to-read,to-read (#29),to-read,,,,0,0
52892857,The Color Purple,Alice Walker,"Walker, Alice",,"=""0143135694""","=""9780143135692""",0,4.26,Penguin Books,Paperback,304,2019,1982,,2021/07/22,to-read,to-read (#28),to-read,,,,0,0
2998,The Secret Garden,Frances Hodgson Burnett,"Burnett, Frances Hodgson",,"=""0517189607""","=""9780517189603""",0,4.15,Children's Classics,Hardcover,331,1998,1911,,2021/07/22,,,read,,,,1,0
18135,Romeo and Juliet,William Shakespeare,"Shakespeare, William",,"=""""","=""""",0,3.74,Washington Square Press,Mass Market Paperback,281,2002,1597,,2021/07/22,,,read,,,,1,0
10210,Jane Eyre,Charlotte Brontë,"Brontë, Charlotte",Michael Mason,"=""0142437204""","=""9780142437209""",4,4.14,Penguin,Paperback,532,2003,1847,,2021/07/22,,,read,,,,1,0
40961427,1984,George Orwell,"Orwell, George",,"=""""","=""""",0,4.19,Houghton Mifflin Harcourt,Kindle Edition,298,2013,1949,,2021/07/22,to-read,to-read (#27),to-read,,,,0,0
52516332,Clap When You Land,Elizabeth Acevedo,"Acevedo, Elizabeth",,"=""0062882767""","=""9780062882769""",0,4.26,HarperTeen ,Hardcover,432,2020,2020,,2021/07/22,to-read,to-read (#26),to-read,,,,0,0
38739562,With the Fire on High,Elizabeth Acevedo,"Acevedo, Elizabeth",,"=""0062662856""","=""9780062662859""",0,4.19,Quill Tree Books,ebook,400,2019,2019,,2021/07/22,to-read,to-read (#25),to-read,,,,0,0
41150487,"Red, White & Royal Blue",Casey McQuiston,"McQuiston, Casey",,"=""""","=""""",0,4.11,St. Martin's Griffin,Paperback,448,2019,2019,,2021/07/22,to-read,to-read (#24),to-read,,,,0,0
53152636,Mexican Gothic,Silvia Moreno-Garcia,"Moreno-Garcia, Silvia",,"=""""","=""""",4,3.68,Del Rey,Hardcover,320,2020,2020,2021/07/21,2021/07/19,,,read,,,,1,0
53152673,This Is Pleasure: A Story,Mary Gaitskill,"Gaitskill, Mary",,"=""1524749133""","=""9781524749132""",0,3.47,Pantheon,Hardcover,83,2019,2019,,2021/07/21,to-read,to-read (#23),to-read,,,,0,0
830502,It,Stephen King,"King, Stephen",,"=""0450411435""","=""9780450411434""",5,4.25,New English Library,Paperback,1168,1987,1986,2021/07/18,2021/07/14,,,read,,,,1,0
67522,The Collected Poems of Emily Dickinson,Emily Dickinson,"Dickinson, Emily",Rachel Wetzsteon,"=""1593080506""","=""9781593080501""",0,4.23,Sterling Publishing,Paperback,400,2003,1924,,2021/07/21,to-read,to-read (#22),to-read,,,,0,0
38447,"The Handmaid’s Tale (The Handmaid's Tale, #1)",Margaret Atwood,"Atwood, Margaret",,"=""""","=""""",3,4.13,Anchor Books,Paperback,314,1998,1985,2021/07/20,2021/07/18,,,read,,,,2,0
54304125,The Final Revival of Opal & Nev,Dawnie Walton,"Walton, Dawnie",,"=""198214016X""","=""9781982140168""",0,3.85,37 Ink,Hardcover,368,2021,2021,,2021/07/20,to-read,to-read (#21),to-read,,,,0,0
4406,East of Eden,John Steinbeck,"Steinbeck, John",,"=""0142000655""","=""9780142000656""",0,4.40,Penguin Books,Paperback,601,2002,1952,,2021/07/20,to-read,to-read (#20),to-read,,,,0,0
16143347,We Were Liars,E. Lockhart,"Lockhart, E.",,"=""""","=""""",0,3.70,Delacorte Press,Kindle Edition,242,2014,2014,,2021/07/20,to-read,to-read (#19),to-read,,,,0,0
52397,"Parable of the Sower (Earthseed, #1)",Octavia E. Butler,"Butler, Octavia E.",,"=""0446675504""","=""9780446675505""",0,4.21,Grand Central Publishing,Paperback,345,2000,1993,,2021/07/19,to-read,to-read (#18),to-read,,,,0,0
1934,Little Women,Louisa May Alcott,"Alcott, Louisa May","Regina Barreca, Grzegorz Komerski, Marta Fihel","=""""","=""""",0,4.14,Signet Classics,Paperback,449,2004,1868,,2021/07/19,to-read,to-read (#17),to-read,,,,0,0
40874032,"Vicious (Villains, #1)",V.E. Schwab,"Schwab, V.E.",,"=""""","=""""",0,4.23,Tor Books,Kindle Edition,366,2013,2013,,2021/07/19,to-read,to-read (#15),to-read,,,,0,0
48838041,If It Bleeds,Stephen King,"King, Stephen",,"=""1982150297""","=""9781982150297""",0,4.00,Scribner,Hardcover,436,2020,2020,,2021/07/19,to-read,to-read (#14),to-read,,,,0,0
8520610,Quiet: The Power of Introverts in a World That Can't Stop Talking,Susan Cain,"Cain, Susan",,"=""0307352145""","=""9780307352149""",0,4.07,"Crown Publishing Group/Random House, Inc.",Hardcover,333,2012,2012,,2021/07/19,to-read,to-read (#13),to-read,,,,0,0
13496,"A Game of Thrones (A Song of Ice and Fire, #1)",George R.R. Martin,"Martin, George R.R.",,"=""0553588486""","=""9780553588484""",0,4.44,Bantam,Mass Market Paperback,835,2005,1996,,2021/07/19,to-read,to-read (#12),to-read,,,,0,0
22299763,"Crooked Kingdom (Six of Crows, #2)",Leigh Bardugo,"Bardugo, Leigh",,"=""""","=""""",0,4.61,Orion Children's Books,Kindle Edition,561,2016,2016,,2021/07/19,to-read,to-read (#11),to-read,,,,0,0
23437156,"Six of Crows (Six of Crows, #1)",Leigh Bardugo,"Bardugo, Leigh",,"=""""","=""""",0,4.50,Henry Holt & Company,Hardcover,465,2015,2015,,2021/07/19,to-read,to-read (#10),to-read,,,,0,0
6294,"Howl’s Moving Castle (Howl’s Moving Castle, #1)",Diana Wynne Jones,"Jones, Diana Wynne",,"=""006441034X""","=""9780064410342""",0,4.29,Harper Trophy,Mass Market Paperback,329,2001,1986,,2021/07/16,to-read,to-read (#9),to-read,,,,0,0
32692,Gerald's Game,Stephen King,"King, Stephen",,"=""0831727527""","=""9780831727529""",0,3.56,Smithmark Publishers,Hardcover,332,1992,1992,,2021/07/15,to-read,to-read (#8),to-read,,,,0,0
27230720,"Sidney Sheldon's Chasing Tomorrow (Tracy Whitney Series, #2)",Tilly Bagshawe,"Bagshawe, Tilly",Sidney Sheldon,"=""0007542003""","=""9780007542000""",4,3.86,HarperCollins Publishers,Paperback,400,2014,2014,,2019/03/09,,,read,,,,1,0
28816048,Reawakened: A Once Upon a Time Tale,Odette Beane,"Beane, Odette",,"=""""","=""""",3,3.84,Kingswell,Kindle Edition,334,2013,2013,,2021/07/15,,,read,,,,1,0
629626,Walking After Midnight,Karen Robards,"Robards, Karen",,"=""0440215900""","=""9780440215905""",4,3.93,Dell,Mass Market Paperback,391,1995,1995,,2021/07/15,,,read,,,,1,0
32571395,"One of Us Is Lying (One of Us is Lying, #1)",Karen M. McManus,"McManus, Karen M.",,"=""""","=""""",0,3.96,Delacorte Press,Kindle Edition,360,2017,2017,,2021/07/14,to-read,to-read (#7),to-read,,,,0,0
968,"The Da Vinci Code (Robert Langdon, #2)",Dan Brown,"Brown, Dan",,"=""""","=""""",4,3.90,Anchor,Paperback,489,2006,2003,,2019/03/09,,,read,,,,1,0
8492856,What Happened to Goodbye,Sarah Dessen,"Dessen, Sarah",,"=""0670012947""","=""9780670012947""",3,3.95,Viking Juvenile,Hardcover,402,2011,2011,,2021/07/14,,,read,,,,1,0
27362503,"It Ends with Us (It Ends with Us, #1)",Colleen Hoover,"Hoover, Colleen",,"=""""","=""""",3,4.26,Atria Books,Kindle Edition,386,2016,2016,,2021/07/14,,,read,,,,1,0
40603587,"The Last Wish (The Witcher, #0.5)",Andrzej Sapkowski,"Sapkowski, Andrzej",Danusia Stok,"=""""","=""""",4,4.14,Orbit,Kindle Edition,400,2008,1993,,2021/07/14,,,read,,,,1,0
6043781,"Blood of Elves (The Witcher, #1)",Andrzej Sapkowski,"Sapkowski, Andrzej",Danusia Stok,"=""031602919X""","=""9780316029193""",4,4.10,Hachette Book Group,Mass Market Paperback,398,2009,1994,,2021/07/14,,,read,,,,1,0
25454056,"Sword of Destiny (The Witcher, #0.7)",Andrzej Sapkowski,"Sapkowski, Andrzej",David French,"=""""","=""""",4,4.28,Orbit,Kindle Edition,405,2015,1992,,2021/07/14,,,read,,,,1,0
18656031,"Baptism of Fire (The Witcher, #3)",Andrzej Sapkowski,"Sapkowski, Andrzej",David French,"=""0316219185""","=""9780316219181""",5,4.26,Orbit,Paperback,349,2014,1996,,2021/07/14,,,read,,,,2,0
14781491,"The Time of Contempt (The Witcher, #2)",Andrzej Sapkowski,"Sapkowski, Andrzej",David French,"=""0316219134""","=""9780316219136""",4,4.16,Orbit,Paperback,331,2013,1995,,2021/07/14,,,read,,,,1,0
50623864,The Invisible Life of Addie LaRue,V.E. Schwab,"Schwab, V.E.",,"=""0765387565""","=""9780765387561""",5,4.21,Tor Books,Hardcover,444,2020,2020,,2021/07/14,,,read,,,,1,0
12079560,"Beautiful Outlaw: Experiencing the Playful, Disruptive, Extravagant Personality of Jesus",John Eldredge,"Eldredge, John",,"=""0892960884""","=""9780892960880""",5,4.25,FaithWords,Hardcover,240,2011,2011,2019/01/01,2019/03/09,,,read,,,,1,0
35606560,the sun and her flowers,Rupi Kaur,"Kaur, Rupi",,"=""1449486797""","=""9781449486792""",5,4.11,Andrews McMeel Publishing,Paperback,256,2017,2018,2019/01/01,2019/03/09,,,read,,,,1,0
119389,Windmills of the Gods,Sidney Sheldon,"Sheldon, Sidney",,"=""0006174426""","=""9780006174424""",5,3.87,HarperCollins,Paperback,419,1994,1987,,2019/03/09,,,read,,,,1,0
21998,"The Richest Man Who Ever Lived: King Solomon's Secrets to Success, Wealth, and Happiness",Steven K. Scott,"Scott, Steven K.",,"=""0385516665""","=""9780385516662""",4,4.27,Currency,Hardcover,256,2006,2006,2019/01/01,2019/03/09,,,read,,,,1,0
9444,The Complete Collected Poems,Maya Angelou,"Angelou, Maya",,"=""067942895X""","=""9780679428954""",3,4.41,Random House,Hardcover,273,1994,1994,2019/05/06,2019/03/17,,,read,,,,1,0
12393172,The Girl Who Played With Fire,Stieg Larsson,"Larsson, Stieg",,"=""0143170139""","=""9780143170136""",5,4.25,Penguin Canada,Paperback,503,2011,2006,2019/05/06,2019/03/22,,,read,,,,1,0
2429135,"The Girl with the Dragon Tattoo (Millennium, #1)",Stieg Larsson,"Larsson, Stieg",Reg Keeland,"=""0670069019""","=""9780670069019""",4,4.16,Viking Canada,Hardcover,480,2008,2005,2019/03/22,2019/03/09,,,read,,,,1,0
865,The Alchemist,Paulo Coelho,"Coelho, Paulo",Alan R. Clarke,"=""0061122416""","=""9780061122415""",4,3.90,HarperCollins,Paperback,197,1993,1988,2019/01/01,2019/03/09,,,read,,,,1,0
23359108,The 5 Choices: The Path to Extraordinary Productivity,Kory Kogon,"Kogon, Kory","Adam Merrill, Leena Rinne","=""1442386088""","=""9781442386082""",3,3.90,Simon  Schuster Audio,Audio CD,,2014,2011,,2019/03/13,,,read,,,,1,0
8680278,"We'll Always Have Summer (Summer, #3)",Jenny Han,"Han, Jenny",,"=""1416995587""","=""9781416995586""",5,3.88,Simon & Schuster Children's Publishing,Hardcover,291,2011,2011,,2019/03/09,,,read,,,,1,0
6584188,"It's Not Summer Without You (Summer, #2)",Jenny Han,"Han, Jenny",,"=""1416995552""","=""9781416995555""",5,3.85,Simon & Schuster Books for Young Readers,Hardcover,275,2010,2010,,2019/03/09,,,read,,,,1,0
5821978,"The Summer I Turned Pretty (Summer, #1)",Jenny Han,"Han, Jenny",,"=""1416968237""","=""9781416968238""",5,3.81,Simon & Schuster Books for Young Readers,Hardcover,276,2009,2009,,2019/03/09,,,read,,,,1,0
99610,The Best Laid Plans,Sidney Sheldon,"Sheldon, Sidney",,"=""0446604089""","=""9780446604086""",4,3.71,Time Warner,Paperback,372,1998,1997,,2019/03/09,,,read,,,,1,0
43324,Are You Afraid of the Dark?,Sidney Sheldon,"Sheldon, Sidney",,"=""0007165161""","=""9780007165162""",4,3.69,Harpercollins Pub Ltd,Paperback,401,2005,2004,,2019/03/09,,,read,,,,1,0
11614718,"Delirium (Delirium, #1)",Lauren Oliver,"Oliver, Lauren",,"=""0061726834""","=""9780061726835""",4,3.96,HarperCollins,Paperback,441,2012,2011,,2019/03/09,,,read,,,,1,0
20821284,Brown Girl Dreaming,Jacqueline Woodson,"Woodson, Jacqueline",,"=""0399252517""","=""9780399252518""",0,4.15,Nancy Paulsen Books,Hardcover,337,2014,2014,,2019/03/09,to-read,to-read (#6),to-read,,,,0,0
18585282,Salt,Nayyirah Waheed,"Waheed, Nayyirah",,"=""""","=""""",0,4.26,CreateSpace,Paperback,251,2013,2013,,2019/03/09,to-read,to-read (#5),to-read,,,,0,0
37435,The Secret Life of Bees,Sue Monk Kidd,"Kidd, Sue Monk",,"=""0142001740""","=""9780142001745""",0,4.08,Penguin Books,Paperback,302,2003,2001,,2019/03/09,to-read,to-read (#4),to-read,,,,0,0
427920,"Chicken Soup for the Teenage Soul: 101 Stories of Life, Love and Learning (Chicken Soup for the Soul)",Jack Canfield,"Canfield, Jack","Mark Victor Hansen, Kimberly Kirberger, Mitch Claspy","=""1558744630""","=""9781558744639""",3,3.93,HCI Teens,Paperback,353,1997,1997,,2019/03/09,,,read,,,,1,0
11127,"The Chronicles of Narnia (Chronicles of Narnia, #1-7)",C.S. Lewis,"Lewis, C.S.",Pauline Baynes,"=""0066238501""","=""9780066238500""",5,4.27,HarperCollins,Paperback,767,2014,1956,,2019/03/09,,,read,,,,1,0
1162543,"Breaking Dawn (The Twilight Saga, #4)",Stephenie Meyer,"Meyer, Stephenie",,"=""031606792X""","=""9780316067928""",3,3.73,"Little, Brown and Company",Hardcover,756,2008,2008,,2019/03/09,,,read,,,,1,0
121749,"Prince Caspian (Chronicles of Narnia, #2)",C.S. Lewis,"Lewis, C.S.",,"=""000720230X""","=""9780007202300""",5,3.98,HarperCollins Publishers,Hardcover,240,2005,1951,,2019/03/09,,,read,,,,1,0
428263,"Eclipse (The Twilight Saga, #3)",Stephenie Meyer,"Meyer, Stephenie",,"=""0316160202""","=""9780316160209""",4,3.72,"Little, Brown and Company",Hardcover,629,2007,2007,,2019/03/09,,,read,,,,1,0
49041,"New Moon (The Twilight Saga, #2)",Stephenie Meyer,"Meyer, Stephenie",Sylke Hachmeister,"=""""","=""""",3,3.58,"Little, Brown and Company",Hardcover,563,2006,2006,,2019/03/09,,,read,,,,1,0
32075671,"The Hate U Give (The Hate U Give, #1)",Angie Thomas,"Thomas, Angie",,"=""""","=""""",0,4.49,Balzer + Bray,Hardcover,454,2017,2017,,2019/03/09,to-read,to-read (#3),to-read,,,,0,0
783127,The 7 Habits of Highly Effective Teens: The Ultimate Teenage Success Guide,Sean Covey,"Covey, Sean",,"=""0684856093""","=""9780684856094""",5,4.05,Fireside,Paperback,268,1998,1997,,2019/03/09,,,read,,,,1,0
36072,The 7 Habits of Highly Effective People: Powerful Lessons in Personal Change,Stephen R. Covey,"Covey, Stephen R.",Jim Collins,"=""0743269519""","=""9780743269513""",4,4.15,Free Press,Paperback,372,2004,1988,,2019/03/09,,,read,,,,1,0
17851885,I Am Malala: The Story of the Girl Who Stood Up for Education and Was Shot by the Taliban,Malala Yousafzai,"Yousafzai, Malala",Christina Lamb,"=""0316322407""","=""9780316322409""",5,4.15,"Little, Brown and Company",Hardcover,327,2013,2012,,2019/03/09,,,read,,,,1,0
5805,V for Vendetta,Alan Moore,"Moore, Alan",David   Lloyd,"=""1401207928""","=""9781401207922""",0,4.26,Vertigo,Hardcover,296,2005,1990,,2019/03/09,to-read,to-read (#2),to-read,,,,0,0
100915,"The Lion, the Witch and the Wardrobe (Chronicles of Narnia, #1)",C.S. Lewis,"Lewis, C.S.","Tormod Haugen, Per Svein Paulsen","=""""","=""""",4,4.23,HarperCollins Publishers,Paperback,206,2005,1950,,2019/03/09,,,read,,,,1,0
6185,Wuthering Heights,Emily Brontë,"Brontë, Emily","Richard J. Dunn, Charlotte Brontë, John Bugg, Robert Heindel","=""""","=""""",2,3.88,Norton,Paperback,464,2002,1847,,2019/03/09,,,read,,,,1,0
168668,Catch-22,Joseph Heller,"Heller, Joseph",,"=""0684833395""","=""9780684833392""",0,3.99,Simon & Schuster ,Paperback,453,2004,1961,,2019/03/09,to-read,to-read (#1),to-read,,,,0,0
1885,Pride and Prejudice,Jane Austen,"Austen, Jane",Anna Quindlen,"=""""","=""""",3,4.28,Modern Library,Paperback,279,2000,1813,,2019/03/09,,,read,,,,1,0
249747,"Artemis Fowl (Artemis Fowl, #1)",Eoin Colfer,"Colfer, Eoin",,"=""""","=""""",4,3.86,Miramax,Paperback,396,2003,2001,,2019/03/09,,,read,,,,1,0
65605,"The Magician's Nephew (Chronicles of Narnia, #6)",C.S. Lewis,"Lewis, C.S.",,"=""0060764902""","=""9780060764906""",5,4.05,HarperCollins Narnia,Mass Market Paperback,221,2005,1955,,2019/03/09,,,read,,,,1,0
41865,"Twilight (The Twilight Saga, #1)",Stephenie Meyer,"Meyer, Stephenie",,"=""0316015849""","=""9780316015844""",3,3.64,"Little, Brown and Company",Paperback,498,2006,2005,,2019/03/09,,,read,,,,1,0
